EEID,Full Name,Job Title,Department,Business Unit,Gender,Ethnicity,Age,Hire Date,Annual Salary,Bonus %,Country,City,Rank.EQ
E04354,Raelynn Rios,Vice President,Sales,Manufacturing,Female,Latino,43,21-08-2016,258498,0.35,United States,Columbus,1
E04742,Kinsley Vega,Vice President,Accounting,Corporate,Female,Latino,33,16-12-2020,258426,0.4,Brazil,Rio de Janerio,2
E02522,Silas Rivera,Vice President,Sales,Corporate,Male,Latino,48,28-02-2000,258081,0.3,United States,Chicago,3
E01371,Dominic Le,Vice President,Marketing,Corporate,Male,Asian,41,04-10-2014,257194,0.35,China,Chongqing,4
E04170,Grayson Chin,Vice President,IT,Research & Development,Male,Asian,26,09-05-2020,256561,0.39,United States,Austin,5
E01628,Jackson Perry,Vice President,Marketing,Research & Development,Male,Caucasian,27,20-10-2019,256420,0.3,United States,Phoenix,6
E00917,Skylar Bell,Vice President,Engineering,Manufacturing,Female,Caucasian,30,06-03-2018,255431,0.36,United States,Columbus,7
E04103,Isabella Soto,Vice President,Finance,Corporate,Female,Latino,27,15-12-2021,255369,0.33,Brazil,Sao Paulo,8
E01584,Henry Zhu,Vice President,Marketing,Speciality Products,Male,Asian,38,25-08-2021,255230,0.36,United States,Austin,9
E02825,Wyatt Li,Vice President,Engineering,Manufacturing,Male,Asian,63,03-06-2013,254289,0.39,United States,Chicago,10
E00325,Jameson Chen,Vice President,Marketing,Research & Development,Male,Asian,39,05-12-2019,254057,0.39,China,Shanghai,11
E02563,Emily Clark,Vice President,Accounting,Corporate,Female,Caucasian,36,13-01-2020,253294,0.4,United States,Miami,12
E00218,David Desai,Vice President,Sales,Speciality Products,Male,Asian,47,22-11-2016,253249,0.31,United States,Austin,13
E03289,Christopher Lam,Vice President,Accounting,Manufacturing,Male,Asian,64,29-03-2013,252325,0.4,United States,Columbus,14
E02599,Daniel Huang,Vice President,Human Resources,Corporate,Male,Asian,31,03-09-2015,250953,0.34,United States,Columbus,15
E03226,Angel Stewart,Vice President,Finance,Corporate,Male,Caucasian,28,22-06-2019,250767,0.38,United States,Seattle,16
E01070,Grayson Brown,Vice President,IT,Corporate,Male,Caucasian,38,22-06-2016,249870,0.34,United States,Chicago,17
E02391,Natalia Santos,Vice President,Human Resources,Speciality Products,Female,Latino,45,25-02-2019,249801,0.39,Brazil,Sao Paulo,18
E01546,Maria Hong,Vice President,Finance,Speciality Products,Female,Asian,43,31-07-2005,249686,0.31,China,Chongqing,19
E02783,Levi Mendez,Vice President,Sales,Research & Development,Male,Latino,39,23-08-2011,249506,0.3,Brazil,Rio de Janerio,20
E00549,Isabella Xi,Vice President,Marketing,Research & Development,Female,Asian,41,13-03-2013,249270,0.3,United States,Seattle,21
E00842,John Vega,Vice President,Finance,Corporate,Male,Latino,50,18-01-2004,247939,0.35,Brazil,Rio de Janerio,22
E01423,James Castillo,Vice President,IT,Manufacturing,Male,Latino,51,19-07-2001,247874,0.33,Brazil,Manaus,23
E04568,Rylee Yu,Vice President,Finance,Speciality Products,Female,Asian,54,10-07-2011,247022,0.3,China,Beijing,24
E04123,Andrew Holmes,Vice President,IT,Speciality Products,Male,Black,59,30-12-2010,246619,0.36,United States,Miami,25
E03247,Aaliyah Mai,Vice President,IT,Speciality Products,Female,Asian,57,11-11-2016,246589,0.33,United States,Phoenix,26
E00154,Wyatt Chin,Vice President,Engineering,Speciality Products,Male,Asian,43,07-06-2004,246231,0.31,United States,Seattle,27
E00715,Elijah Kang,Vice President,Engineering,Manufacturing,Male,Asian,35,10-10-2011,245482,0.39,United States,Seattle,28
E02202,Emilia Bailey,Vice President,Accounting,Speciality Products,Female,Caucasian,41,09-08-2012,245360,0.37,United States,Austin,29
E04249,Hadley Dang,Vice President,Accounting,Corporate,Female,Asian,47,26-12-2021,243568,0.33,United States,Austin,30
E03394,Joseph Ly,Vice President,Marketing,Speciality Products,Male,Asian,40,28-02-2009,242919,0.31,China,Chongqing,31
E01519,Anthony Marquez,Vice President,IT,Speciality Products,Male,Latino,54,15-08-2009,241083,0.39,United States,Columbus,32
E02464,Sophie Silva,Vice President,Engineering,Corporate,Female,Latino,28,06-07-2017,240488,0.4,Brazil,Rio de Janerio,33
E03774,Hannah Mejia,Vice President,Marketing,Corporate,Female,Latino,47,13-03-1999,239394,0.32,United States,Austin,34
E03106,Xavier Davis,Vice President,Finance,Corporate,Male,Caucasian,36,17-01-2009,238236,0.31,United States,Seattle,35
E02112,Christian Sanders,Vice President,Human Resources,Speciality Products,Male,Black,45,07-08-2013,236946,0.37,United States,Seattle,36
E01899,Xavier Jackson,Vice President,Marketing,Speciality Products,Male,Caucasian,52,11-06-2002,236314,0.34,United States,Miami,37
E01249,Samuel Bailey,Vice President,Accounting,Speciality Products,Male,Caucasian,41,17-08-2013,235619,0.3,United States,Seattle,38
E03058,Angel Xiong,Vice President,IT,Research & Development,Male,Asian,35,11-06-2015,234723,0.36,China,Shanghai,39
E00810,Hunter Nunez,Vice President,Human Resources,Corporate,Male,Latino,62,16-08-2002,234594,0.33,United States,Seattle,40
E01403,Xavier Park,Vice President,IT,Research & Development,Male,Asian,40,08-11-2020,234469,0.31,China,Chengdu,41
E00161,Ryan Ha,Vice President,Marketing,Corporate,Male,Asian,60,27-01-2007,234311,0.37,United States,Miami,42
E02920,Willow Woods,Vice President,Human Resources,Speciality Products,Female,Caucasian,28,25-07-2021,231850,0.39,United States,Miami,43
E04072,Emery Mitchell,Vice President,Finance,Manufacturing,Female,Caucasian,48,02-06-2018,231567,0.36,United States,Seattle,44
E00304,Dylan Choi,Vice President,IT,Corporate,Male,Asian,63,11-05-2012,231141,0.34,China,Beijing,45
E00446,Isaac Han,Vice President,Human Resources,Speciality Products,Male,Asian,31,14-01-2015,230025,0.34,United States,Phoenix,46
E03371,Jack Alexander,Vice President,IT,Manufacturing,Male,Caucasian,56,29-05-2006,228822,0.36,United States,Miami,47
E01095,Isla Lai,Vice President,Finance,Corporate,Female,Asian,37,06-12-2011,225558,0.33,China,Shanghai,48
E03694,Elena Patterson,Vice President,Finance,Speciality Products,Female,Black,38,09-11-2018,223805,0.36,United States,Chicago,49
E03947,Logan Soto,Vice President,Finance,Research & Development,Male,Latino,36,18-08-2018,223404,0.32,United States,Columbus,50
E04607,Landon Brown,Vice President,Marketing,Corporate,Male,Caucasian,26,27-09-2020,223055,0.3,United States,Columbus,51
E02944,Joshua Fong,Vice President,Engineering,Speciality Products,Male,Asian,47,11-06-2012,222941,0.39,China,Beijing,52
E02633,Allison Roberts,Vice President,Sales,Manufacturing,Female,Black,54,19-08-2000,222224,0.38,United States,Columbus,53
E01995,Jonathan Ho,Vice President,IT,Manufacturing,Male,Asian,37,25-06-2011,221592,0.31,United States,Columbus,54
E03893,Alice Xiong,Vice President,Engineering,Manufacturing,Female,Asian,55,02-09-2018,221465,0.34,China,Chengdu,55
E02639,Hadley Parker,Vice President,Marketing,Corporate,Female,Black,30,21-09-2016,221217,0.32,United States,Columbus,56
E01232,Samantha Foster,Vice President,Human Resources,Research & Development,Female,Black,34,27-07-2019,220937,0.38,United States,Austin,57
E03890,Nevaeh Jones,Vice President,Sales,Manufacturing,Female,Caucasian,31,20-08-2020,219693,0.3,United States,Austin,58
E03159,Claire Romero,Vice President,Marketing,Manufacturing,Female,Latino,37,21-07-2011,219474,0.36,Brazil,Manaus,59
E00752,Luna Liu,Vice President,Sales,Manufacturing,Female,Asian,36,22-02-2014,218530,0.3,China,Shanghai,60
E00380,Alice Thompson,Vice President,Accounting,Speciality Products,Female,Caucasian,48,25-04-2007,217783,0.36,United States,Seattle,61
E04088,Ezra Liang,Vice President,Finance,Research & Development,Male,Asian,52,26-05-1997,216999,0.37,United States,Miami,62
E04729,Ezekiel Fong,Vice President,Sales,Research & Development,Male,Asian,56,25-02-2004,216949,0.32,China,Shanghai,63
E03545,Sofia Cheng,Vice President,Accounting,Corporate,Female,Asian,63,26-07-2020,216195,0.31,United States,Miami,64
E00672,Landon Luu,Vice President,IT,Research & Development,Male,Asian,31,12-07-2015,215388,0.33,United States,Miami,65
E02468,Ella Huang,Vice President,Marketing,Corporate,Female,Asian,45,28-02-2016,211637,0.31,United States,Chicago,66
E03737,Kennedy Rahman,Vice President,Human Resources,Manufacturing,Female,Asian,49,28-02-2003,211291,0.37,China,Chongqing,67
E01006,Autumn Leung,Vice President,Finance,Research & Development,Female,Asian,25,15-11-2021,210708,0.33,United States,Chicago,68
E01249,Penelope Guerrero,Vice President,IT,Speciality Products,Female,Latino,43,04-08-2009,208415,0.35,United States,Seattle,69
E04795,Eloise Alexander,Vice President,Human Resources,Corporate,Female,Black,28,21-01-2018,208210,0.3,United States,Seattle,70
E02071,Mateo Her,Vice President,Sales,Speciality Products,Male,Asian,44,02-03-2014,207172,0.31,China,Chongqing,71
E00791,Thomas Padilla,Vice President,Marketing,Research & Development,Male,Latino,57,26-07-2003,206624,0.4,Brazil,Sao Paulo,72
E01425,Anthony Rogers,Vice President,Engineering,Corporate,Male,Caucasian,33,18-06-2015,205314,0.3,United States,Columbus,73
E00447,Hailey Sanchez,Vice President,Marketing,Corporate,Female,Latino,32,05-02-2014,203445,0.34,Brazil,Manaus,74
E03579,Robert Zhang,Vice President,Marketing,Corporate,Male,Asian,45,24-09-2015,202680,0.32,United States,Phoenix,75
E02687,Caroline Nelson,Vice President,Finance,Corporate,Female,Caucasian,36,11-01-2014,202323,0.39,United States,Chicago,76
E03583,Brooks Marquez,Vice President,Sales,Corporate,Male,Latino,61,24-09-2019,201464,0.37,United States,Chicago,77
E02140,Naomi Zhao,Vice President,Human Resources,Speciality Products,Female,Asian,45,22-09-2021,201396,0.32,United States,Miami,78
E02914,Maria Wilson,Vice President,Engineering,Research & Development,Female,Caucasian,51,14-06-1996,200246,0.34,United States,Columbus,79
E01967,John Dang,Director,Sales,Corporate,Male,Asian,58,19-03-1992,199848,0.16,China,Chongqing,80
E03574,John Moore,Vice President,IT,Speciality Products,Male,Caucasian,52,08-11-2005,199808,0.32,United States,Seattle,81
E03758,Liam Zhang,Director,Marketing,Research & Development,Male,Asian,29,15-09-2021,199783,0.21,United States,Chicago,82
E03055,Austin Rojas,Vice President,Finance,Corporate,Male,Latino,29,05-12-2018,199504,0.3,United States,Austin,83
E01090,Ethan Mehta,Director,Sales,Research & Development,Male,Asian,49,20-07-2001,199176,0.24,United States,Phoenix,84
E03816,Leilani Chow,Director,Human Resources,Corporate,Female,Asian,27,23-02-2021,199041,0.16,China,Beijing,85
E00952,Leilani Thao,Director,Human Resources,Speciality Products,Female,Asian,38,30-05-2007,198562,0.22,United States,Seattle,86
E00044,Scarlett Jenkins,Vice President,IT,Research & Development,Female,Caucasian,53,09-11-2011,198473,0.32,United States,Miami,87
E04359,Greyson Lam,Vice President,Accounting,Manufacturing,Male,Asian,25,08-02-2021,198243,0.31,United States,Miami,88
E02193,Josephine Acosta,Director,Human Resources,Speciality Products,Female,Latino,40,20-09-2020,198176,0.17,Brazil,Manaus,89
E00103,Nora Park,Director,Accounting,Speciality Products,Female,Asian,29,28-06-2017,197649,0.2,United States,Columbus,90
E03506,Jaxson Mai,Vice President,Human Resources,Research & Development,Male,Asian,48,08-03-2014,197367,0.39,United States,Austin,91
E00130,Paisley Kang,Vice President,Human Resources,Corporate,Female,Asian,61,10-03-2017,196951,0.33,China,Beijing,92
E03858,John Cho,Director,Human Resources,Speciality Products,Male,Asian,47,03-11-2019,195385,0.21,China,Chengdu,93
E04940,Hudson Williams,Vice President,Sales,Speciality Products,Male,Black,36,19-03-2018,195200,0.36,United States,Austin,94
E03268,Everly Coleman,Vice President,IT,Corporate,Female,Caucasian,48,18-02-2015,194871,0.35,United States,Columbus,95
E03354,Austin Brown,Director,Marketing,Research & Development,Male,Caucasian,48,08-08-2007,194723,0.25,United States,Phoenix,96
E02781,Athena Vu,Director,Accounting,Manufacturing,Female,Asian,63,06-03-2007,193044,0.15,United States,Miami,97
E02747,Kinsley Acosta,Vice President,IT,Speciality Products,Female,Latino,32,22-07-2020,192749,0.31,United States,Chicago,98
E01486,Mason Cho,Vice President,Accounting,Research & Development,Male,Asian,59,18-05-2011,192213,0.4,United States,Chicago,99
E01014,Lucas Phan,Director,Marketing,Research & Development,Male,Asian,49,19-02-1999,191807,0.21,China,Chongqing,100
E04766,Lyla Yoon,Vice President,Accounting,Manufacturing,Female,Asian,38,13-12-2012,191571,0.32,United States,Austin,101
E04637,Samuel Song,Director,Sales,Corporate,Male,Asian,31,29-06-2015,191026,0.16,United States,Columbus,102
E00085,Isla Wong,Vice President,Accounting,Corporate,Female,Asian,56,16-03-2014,190815,0.4,United States,Austin,103
E02310,Jordan Phillips,Vice President,Human Resources,Corporate,Male,Black,45,12-12-2010,190512,0.32,United States,Columbus,104
E04342,Samantha Barnes,Vice President,Marketing,Speciality Products,Female,Caucasian,29,05-01-2017,190401,0.37,United States,Columbus,105
E03907,Camila Watson,Vice President,Finance,Speciality Products,Female,Caucasian,32,02-01-2018,190253,0.33,United States,Austin,106
E00187,Miles Mehta,Director,Finance,Research & Development,Male,Asian,64,02-05-1996,189933,0.23,United States,Miami,107
E00416,Everleigh Fernandez,Director,Engineering,Research & Development,Female,Latino,30,22-05-2016,189702,0.28,Brazil,Manaus,108
E02678,Nicholas Rivera,Director,Engineering,Corporate,Male,Latino,45,13-04-2007,189680,0.23,Brazil,Sao Paulo,109
E03025,Lucy Alexander,Director,Engineering,Manufacturing,Female,Caucasian,45,29-10-2014,189420,0.2,United States,Seattle,110
E00119,Jack Maldonado,Director,Engineering,Research & Development,Male,Latino,31,26-08-2020,189290,0.22,Brazil,Sao Paulo,111
E04194,Madison Kumar,Director,Accounting,Speciality Products,Female,Asian,55,17-10-2010,188727,0.23,China,Chengdu,112
E00023,Gabriel Joseph,Director,Engineering,Manufacturing,Male,Caucasian,52,28-10-2006,187992,0.28,United States,Miami,113
E00500,Henry Shah,Director,Accounting,Manufacturing,Male,Asian,55,11-06-2010,187389,0.25,China,Chengdu,114
E04641,Scarlett Hill,Director,Engineering,Speciality Products,Female,Black,45,22-04-2018,187205,0.24,United States,Columbus,115
E04683,Ezekiel Delgado,Director,Engineering,Speciality Products,Male,Latino,40,07-02-2020,187187,0.18,Brazil,Manaus,116
E00207,Hailey Lai,Vice President,Human Resources,Manufacturing,Female,Asian,52,23-07-2012,187048,0.32,China,Chengdu,117
E02033,Grace Sun,Director,Finance,Research & Development,Female,Asian,25,17-04-2021,186870,0.2,China,Shanghai,118
E03240,Aiden Silva,Vice President,IT,Research & Development,Male,Latino,42,29-11-2010,186725,0.32,Brazil,Manaus,119
E04116,David Barnes,Director,IT,Corporate,Male,Caucasian,64,03-11-2013,186503,0.24,United States,Columbus,120
E04415,Penelope Fong,Director,Accounting,Corporate,Female,Asian,60,14-05-2004,186378,0.26,China,Chongqing,121
E01712,James Singh,Director,Marketing,Corporate,Male,Asian,45,12-03-2008,186138,0.28,China,Chongqing,122
E01347,Aiden Gonzales,Vice President,Marketing,Speciality Products,Male,Latino,44,28-03-2021,186033,0.34,Brazil,Sao Paulo,123
E02748,Genesis Zhu,Director,Finance,Speciality Products,Female,Asian,34,20-07-2020,184960,0.18,United States,Seattle,124
E04114,Christopher Lim,Director,IT,Research & Development,Male,Asian,55,13-03-2007,184648,0.24,China,Shanghai,125
E02942,Daniel Richardson,Director,Engineering,Speciality Products,Male,Caucasian,30,20-05-2018,184368,0.29,United States,Austin,126
E00440,Adeline Thao,Vice President,Finance,Corporate,Female,Asian,54,05-09-2007,183239,0.32,United States,Seattle,127
E04645,Elias Ahmed,Vice President,Marketing,Corporate,Male,Asian,57,04-08-2017,183190,0.36,United States,Chicago,128
E02421,Jordan Truong,Director,Engineering,Speciality Products,Male,Asian,45,28-08-2014,183161,0.22,United States,Miami,129
E04572,Jade Li,Director,IT,Speciality Products,Female,Asian,47,26-10-2012,183156,0.3,United States,Seattle,130
E00268,Ian Flores,Director,Engineering,Corporate,Male,Latino,48,10-12-2019,183113,0.24,Brazil,Rio de Janerio,131
E03683,Raelynn Hong,Director,Marketing,Speciality Products,Female,Asian,28,11-12-2019,182321,0.28,China,Beijing,132
E03935,Cora Jiang,Vice President,IT,Corporate,Female,Asian,53,30-04-2008,182202,0.3,United States,Austin,133
E02613,Everly Lai,Vice President,Marketing,Speciality Products,Female,Asian,52,01-04-1998,182035,0.3,United States,Chicago,134
E00556,Grayson Walker,Director,Accounting,Manufacturing,Male,Caucasian,29,19-02-2017,181854,0.29,United States,Seattle,135
E04962,Elena Tan,Vice President,Engineering,Manufacturing,Female,Asian,50,13-10-2008,181801,0.4,China,Chongqing,136
E04127,Emery Acosta,Vice President,Sales,Research & Development,Female,Latino,42,11-09-2013,181452,0.3,United States,Columbus,137
E03349,Adam He,Director,Accounting,Speciality Products,Male,Asian,35,16-08-2017,181356,0.23,China,Beijing,138
E02554,Joshua Ramirez,Vice President,Human Resources,Corporate,Male,Latino,44,10-09-2007,181247,0.33,Brazil,Sao Paulo,139
E04101,Olivia Harris,Director,Sales,Speciality Products,Female,Caucasian,63,14-06-2020,181216,0.27,United States,Columbus,140
E04779,Cameron Young,Vice President,Engineering,Manufacturing,Male,Caucasian,63,18-01-2016,180994,0.39,United States,Seattle,141
E01970,Vivian Barnes,Director,Human Resources,Research & Development,Female,Caucasian,51,28-03-2021,180687,0.19,United States,Phoenix,142
E03383,Lincoln Hall,Director,Accounting,Speciality Products,Male,Caucasian,26,28-07-2020,180664,0.27,United States,Chicago,143
E01668,Naomi Xi,Director,Finance,Corporate,Female,Asian,53,17-02-2002,179494,0.2,China,Chongqing,144
E02139,Rylee Yu,Director,Accounting,Research & Development,Female,Asian,36,29-09-2015,178700,0.29,United States,Seattle,145
E04571,Hadley Contreras,Director,Engineering,Corporate,Female,Latino,60,04-01-2017,178502,0.2,United States,Austin,146
E00607,Jameson Allen,Director,Marketing,Speciality Products,Male,Caucasian,32,28-11-2016,177443,0.16,United States,Seattle,147
E04562,Kinsley Martinez,Director,Human Resources,Speciality Products,Female,Latino,52,28-08-1993,177443,0.25,Brazil,Sao Paulo,147
E04398,Oliver Yang,Director,Marketing,Speciality Products,Male,Asian,31,10-06-2019,176710,0.15,United States,Miami,149
E02980,Hailey Shin,Director,Human Resources,Corporate,Female,Asian,57,24-10-2016,176324,0.23,China,Shanghai,150
E00128,Everleigh Espinoza,Director,Human Resources,Manufacturing,Female,Latino,54,22-01-2018,176294,0.28,United States,Austin,151
E00163,Bella Powell,Director,Finance,Research & Development,Female,Black,65,04-03-2002,175837,0.2,United States,Phoenix,152
E02017,Connor Joseph,Director,Human Resources,Corporate,Male,Caucasian,50,22-07-1998,174895,0.15,United States,Chicago,153
E03278,Nicholas Wong,Director,Sales,Research & Development,Male,Asian,27,07-11-2019,174607,0.29,United States,Columbus,154
E01337,Andrew Coleman,Director,Finance,Corporate,Male,Caucasian,41,15-05-2019,174415,0.23,United States,Miami,155
E02307,Skylar Evans,Director,Accounting,Research & Development,Female,Caucasian,42,04-06-2009,174099,0.26,United States,Austin,156
E00568,Ava Garza,Director,Accounting,Manufacturing,Female,Latino,27,25-06-2018,174097,0.21,United States,Phoenix,157
E03802,Thomas Vazquez,Director,Engineering,Corporate,Male,Latino,46,19-07-2014,173629,0.21,Brazil,Sao Paulo,158
E01309,Everleigh Jiang,Director,Accounting,Research & Development,Female,Asian,58,14-05-2003,173071,0.29,United States,Columbus,159
E03484,Logan Rivera,Director,IT,Research & Development,Male,Latino,59,24-05-2002,172787,0.28,Brazil,Rio de Janerio,160
E00364,Matthew Howard,Director,Human Resources,Manufacturing,Male,Caucasian,50,17-10-2021,172180,0.3,United States,Columbus,161
E04872,Isaac Stewart,Director,Marketing,Speciality Products,Male,Caucasian,25,15-08-2020,172007,0.26,United States,Miami,162
E00005,Riley Washington,Director,Sales,Speciality Products,Female,Caucasian,39,29-04-2007,171487,0.23,United States,Phoenix,163
E02420,Madison Li,Director,Marketing,Manufacturing,Female,Asian,35,06-03-2017,171426,0.15,China,Beijing,164
E02889,Mia Herrera,Director,Marketing,Research & Development,Female,Latino,43,16-10-2014,171360,0.23,Brazil,Manaus,165
E03591,Piper Sun,Director,Marketing,Manufacturing,Female,Asian,64,14-02-2011,171217,0.19,United States,Seattle,166
E02850,Evelyn Dinh,Director,Sales,Research & Development,Female,Asian,41,10-08-2018,171173,0.21,United States,Columbus,167
E02895,Mila Soto,Director,Finance,Research & Development,Female,Latino,65,07-10-2008,170221,0.15,Brazil,Manaus,168
E01787,Lillian Romero,Director,Engineering,Corporate,Female,Latino,27,07-12-2018,170164,0.17,United States,Austin,169
E01271,Luke Munoz,Director,Engineering,Speciality Products,Male,Latino,64,25-08-2017,169509,0.18,Brazil,Manaus,170
E03901,Luca Truong,Director,Marketing,Corporate,Male,Asian,45,11-12-2004,168846,0.24,China,Chongqing,171
E00360,Dylan Thao,Director,Engineering,Manufacturing,Male,Asian,53,22-10-2012,168510,0.29,United States,Seattle,172
E01896,Adam Nelson,Director,Finance,Speciality Products,Male,Caucasian,25,14-01-2020,168014,0.27,United States,Chicago,173
E00624,William Watson,Director,Accounting,Speciality Products,Male,Caucasian,41,04-06-2013,167526,0.26,United States,Miami,174
E03830,Eva Coleman,Director,IT,Research & Development,Female,Black,37,20-09-2009,167199,0.2,United States,Seattle,175
E01387,Cora Zheng,Director,IT,Manufacturing,Female,Asian,27,03-01-2018,167100,0.2,China,Chengdu,176
E00691,Ezekiel Desai,Director,Finance,Research & Development,Male,Asian,42,15-01-2003,166599,0.26,United States,Seattle,177
E04625,Adam Dang,Director,Sales,Research & Development,Male,Asian,45,09-07-2002,166331,0.18,China,Chongqing,178
E04762,Audrey Richardson,Director,IT,Manufacturing,Female,Caucasian,46,06-10-2018,166259,0.17,United States,Chicago,179
E01499,Jade Rojas,Director,Finance,Speciality Products,Female,Latino,37,28-01-2019,165927,0.2,United States,Phoenix,180
E02818,Aaron Garza,Director,Sales,Research & Development,Male,Latino,39,27-12-2013,165756,0.28,United States,Columbus,181
E02285,Aria Xi,Director,Sales,Research & Development,Female,Asian,45,01-03-2002,165181,0.16,United States,Seattle,182
E04363,Savannah Singh,Director,Marketing,Speciality Products,Female,Asian,53,20-06-1997,164399,0.25,United States,Seattle,183
E03124,Caleb Nelson,Director,Marketing,Corporate,Male,Caucasian,33,12-06-2017,164396,0.29,United States,Columbus,184
E03521,Jackson Navarro,Director,Sales,Corporate,Male,Latino,52,25-09-2020,163143,0.28,Brazil,Sao Paulo,185
E02572,Luna Sanders,Director,Finance,Speciality Products,Female,Caucasian,50,26-10-2006,163099,0.2,United States,Chicago,186
E00758,Alice Roberts,Director,Human Resources,Manufacturing,Female,Caucasian,54,26-09-1994,162978,0.17,United States,Miami,187
E01870,Carson Chau,Director,Finance,Corporate,Male,Asian,58,12-10-2007,162038,0.24,China,Chongqing,188
E01123,Madison Nelson,Director,Accounting,Corporate,Female,Caucasian,27,16-07-2021,161759,0.16,United States,Miami,189
E03167,Luke Zheng,Director,Human Resources,Speciality Products,Male,Asian,39,28-11-2006,161690,0.29,China,Beijing,190
E04994,Bella Holmes,Director,Accounting,Research & Development,Female,Caucasian,35,26-06-2017,161269,0.27,United States,Miami,191
E04903,Skylar Liu,Director,IT,Research & Development,Female,Asian,29,09-08-2020,161203,0.15,China,Chengdu,192
E02791,Aubrey Romero,Director,Sales,Corporate,Female,Latino,49,02-04-1998,160832,0.3,United States,Phoenix,193
E04323,Melody Valdez,Director,IT,Manufacturing,Female,Latino,28,25-01-2021,160385,0.23,United States,Miami,194
E00432,Eli Gupta,Director,Human Resources,Research & Development,Male,Asian,37,19-05-2012,160280,0.19,China,Beijing,195
E02534,Victoria Johnson,Sr. Manger,Accounting,Corporate,Female,Caucasian,55,28-05-2004,159885,0.12,United States,Columbus,196
E00344,Savannah He,Director,IT,Research & Development,Female,Asian,52,14-02-1996,159724,0.23,China,Beijing,197
E03612,Grayson Cooper,Sr. Manger,Finance,Speciality Products,Male,Black,64,29-06-2013,159571,0.1,United States,Columbus,198
E00170,Claire Adams,Director,Sales,Manufacturing,Female,Black,61,19-08-1997,159567,0.28,United States,Phoenix,199
E01582,Elijah Coleman,Sr. Manger,Sales,Research & Development,Male,Caucasian,53,19-10-2014,159538,0.11,United States,Miami,200
E00699,Ava Ayala,Sr. Manger,IT,Corporate,Female,Latino,55,16-08-2006,159044,0.1,Brazil,Manaus,201
E00515,Joseph Vazquez,Sr. Manger,Accounting,Speciality Products,Male,Latino,40,23-01-2019,159031,0.1,United States,Miami,202
E03349,Dylan Chin,Director,Finance,Corporate,Male,Asian,60,05-06-2017,158898,0.18,United States,Miami,203
E00530,Naomi Chu,Sr. Manger,Sales,Manufacturing,Female,Asian,46,29-02-2004,158897,0.1,China,Chongqing,204
E03750,Elias Dang,Director,Engineering,Speciality Products,Male,Asian,64,29-08-1995,158787,0.18,China,Chengdu,205
E02038,Ellie Chung,Sr. Manger,Marketing,Corporate,Female,Asian,59,29-08-2008,157969,0.1,China,Chongqing,206
E02992,Paisley Sanders,Sr. Manger,Marketing,Speciality Products,Female,Caucasian,55,27-03-2001,157812,0.11,United States,Miami,207
E02801,Santiago f Brooks,Sr. Manger,Sales,Corporate,Male,Black,51,01-09-2000,157487,0.12,United States,Phoenix,208
E02810,Layla Torres,Sr. Manger,Finance,Manufacturing,Female,Latino,37,24-02-2013,157474,0.11,Brazil,Rio de Janerio,209
E00591,Savannah Ali,Sr. Manger,Human Resources,Manufacturing,Female,Asian,36,11-02-2009,157333,0.15,United States,Miami,210
E02534,Leah Khan,Director,Marketing,Corporate,Female,Asian,36,13-09-2010,157070,0.28,China,Chongqing,211
E03971,Lillian Chen,Sr. Manger,Marketing,Research & Development,Female,Asian,25,09-04-2020,157057,0.1,United States,Columbus,212
E02391,Piper Ramos,Sr. Manger,Sales,Manufacturing,Female,Latino,49,02-04-1996,157057,0.12,United States,Miami,212
E00225,Angel Delgado,Director,Finance,Corporate,Male,Latino,31,10-08-2017,156931,0.28,United States,Seattle,214
E02693,Grace Campos,Director,Engineering,Research & Development,Female,Latino,37,21-03-2008,156277,0.22,Brazil,Manaus,215
E03834,Anthony Carter,Director,Engineering,Speciality Products,Male,Caucasian,41,15-03-2007,155926,0.24,United States,Columbus,216
E03550,Stella Wu,Sr. Manger,Marketing,Speciality Products,Female,Asian,35,20-02-2014,155905,0.14,United States,Phoenix,217
E02884,Axel Johnson,Director,Human Resources,Corporate,Male,Caucasian,60,14-04-2015,155788,0.17,United States,Seattle,218
E03251,Ruby Medina,Director,Sales,Manufacturing,Female,Latino,50,18-12-2018,155351,0.2,United States,Seattle,219
E03096,Kennedy Zhang,Director,Finance,Research & Development,Female,Asian,63,27-10-2000,155320,0.17,China,Chongqing,220
E00880,Grace Carter,Sr. Manger,Human Resources,Speciality Products,Female,Black,25,17-03-2021,155080,0.1,United States,Austin,221
E04749,Caroline Phan,Sr. Manger,Finance,Corporate,Female,Asian,41,14-03-2004,155004,0.12,United States,Austin,222
E00943,Elena Mendoza,Director,Sales,Speciality Products,Female,Latino,27,24-10-2018,154973,0.29,Brazil,Sao Paulo,223
E04920,Nevaeh Hsu,Sr. Manger,Human Resources,Manufacturing,Female,Asian,32,14-04-2017,154956,0.13,United States,Phoenix,224
E01427,Mia Cheng,Sr. Manger,Sales,Manufacturing,Female,Asian,34,22-04-2015,154941,0.13,United States,Phoenix,225
E03778,Luke Vu,Sr. Manger,Marketing,Speciality Products,Male,Asian,52,04-06-2018,154884,0.1,China,Shanghai,226
E00884,Camila Silva,Sr. Manger,Marketing,Speciality Products,Female,Latino,64,01-12-2003,154828,0.13,United States,Seattle,227
E03795,Hazel Young,Sr. Manger,Sales,Speciality Products,Female,Black,30,13-08-2017,154624,0.15,United States,Austin,228
E03168,Nora Le,Sr. Manger,IT,Manufacturing,Female,Asian,53,12-04-1997,154388,0.1,United States,Seattle,229
E02938,John Trinh,Director,Marketing,Corporate,Male,Asian,49,26-06-2014,153961,0.25,China,Shanghai,230
E00976,Zoe Rodriguez,Director,Human Resources,Speciality Products,Female,Latino,65,23-05-2004,153938,0.2,United States,Phoenix,231
E03310,Dylan Campbell,Director,Engineering,Speciality Products,Male,Caucasian,45,29-11-2010,153767,0.27,United States,Phoenix,232
E01193,Raelynn Lu,Director,Finance,Research & Development,Female,Asian,27,26-05-2020,153628,0.29,China,Chongqing,233
E00711,Melody Chin,Sr. Manger,Finance,Corporate,Female,Asian,43,15-10-2006,153492,0.11,United States,Chicago,234
E04299,Paisley Hall,Director,Human Resources,Speciality Products,Female,Caucasian,41,21-05-2010,153275,0.24,United States,Columbus,235
E01238,Eloise Griffin,Director,Sales,Manufacturing,Female,Caucasian,55,29-10-1995,153271,0.15,United States,Austin,236
E01350,Natalie Carter,Director,Finance,Corporate,Female,Caucasian,64,21-12-2012,153253,0.24,United States,Austin,237
E04417,Chloe Salazar,Sr. Manger,Human Resources,Speciality Products,Female,Latino,45,22-05-2011,152353,0.14,United States,Seattle,238
E02206,Jose Henderson,Director,Human Resources,Speciality Products,Male,Black,41,17-04-2015,152239,0.23,United States,Columbus,239
E01234,Jack Cheng,Director,Human Resources,Manufacturing,Male,Asian,42,16-01-2014,152214,0.3,China,Beijing,240
E01883,Isla Guzman,Sr. Manger,Accounting,Speciality Products,Female,Latino,28,06-07-2019,152036,0.15,Brazil,Rio de Janerio,241
E02477,Amelia Bui,Director,Engineering,Speciality Products,Female,Asian,46,21-10-2020,151853,0.16,China,Chengdu,242
E01488,Penelope Griffin,Director,Sales,Manufacturing,Female,Caucasian,61,23-01-2021,151783,0.26,United States,Seattle,243
E04732,Eva Rivera,Director,Sales,Manufacturing,Female,Latino,36,02-04-2021,151703,0.21,United States,Miami,244
E02558,Jose Richardson,Director,Marketing,Research & Development,Male,Caucasian,26,15-10-2019,151556,0.2,United States,Miami,245
E03027,Elijah Watson,Sr. Manger,Sales,Manufacturing,Male,Caucasian,29,16-03-2017,151413,0.15,United States,Seattle,246
E02561,Samantha Vargas,Director,Human Resources,Corporate,Female,Latino,53,21-07-2006,151246,0.21,Brazil,Sao Paulo,247
E02681,Caroline Owens,Director,IT,Speciality Products,Female,Caucasian,26,26-07-2021,151108,0.22,United States,Phoenix,248
E01116,Jaxon Tran,Sr. Manger,Sales,Manufacturing,Male,Asian,45,07-09-2007,151027,0.1,China,Shanghai,249
E04662,Julia Morris,Sr. Manger,Human Resources,Corporate,Female,Caucasian,60,18-10-2008,150855,0.11,United States,Phoenix,250
E02108,Madeline Coleman,Sr. Manger,Finance,Research & Development,Female,Caucasian,51,28-04-2006,150758,0.13,United States,Chicago,251
E01924,Anna Gutierrez,Director,Engineering,Research & Development,Female,Latino,59,15-04-2003,150699,0.29,Brazil,Sao Paulo,252
E02191,Maria Sun,Director,Sales,Corporate,Female,Asian,25,19-12-2021,150666,0.23,China,Chengdu,253
E04132,Kinsley Henry,Director,Marketing,Manufacturing,Female,Black,45,29-02-2008,150577,0.25,United States,Miami,254
E01465,Hannah White,Sr. Manger,Accounting,Corporate,Female,Caucasian,62,30-01-2009,150555,0.13,United States,Phoenix,255
E03630,Jacob Davis,Director,Accounting,Research & Development,Male,Caucasian,36,03-09-2016,150399,0.28,United States,Chicago,256
E04035,Hailey Lai,Sr. Manger,Finance,Manufacturing,Female,Asian,42,18-03-2011,150034,0.12,China,Beijing,257
E02706,Lucy Figueroa,Sr. Manger,Finance,Research & Development,Female,Latino,45,10-01-2016,149761,0.12,United States,Columbus,258
E00957,Genesis Perry,Sr. Manger,Sales,Corporate,Female,Caucasian,46,18-07-2013,149712,0.14,United States,Columbus,259
E00702,Nathan Pham,Sr. Manger,Accounting,Manufacturing,Male,Asian,45,12-12-2006,149537,0.14,United States,Seattle,260
E01300,Sadie Lee,Sr. Manger,Marketing,Corporate,Female,Asian,65,24-10-2000,149417,0.13,China,Chengdu,261
E02800,Eva Estrada,Sr. Manger,Sales,Speciality Products,Female,Latino,45,24-07-2018,148991,0.12,Brazil,Sao Paulo,262
E04972,Logan Bryant,Sr. Manger,Marketing,Speciality Products,Male,Caucasian,30,18-07-2020,148485,0.15,United States,Miami,263
E03807,Noah Chen,Sr. Manger,Marketing,Manufacturing,Male,Asian,63,01-03-2015,148321,0.15,China,Beijing,264
E00156,Madelyn Scott,Sr. Manger,IT,Research & Development,Female,Caucasian,46,09-01-2002,148035,0.14,United States,Phoenix,265
E01943,Vivian Espinoza,Sr. Manger,Sales,Corporate,Female,Latino,52,05-10-2006,147966,0.11,Brazil,Rio de Janerio,266
E01052,Jaxson Dinh,Sr. Manger,Marketing,Research & Development,Male,Asian,45,03-05-2001,147752,0.12,China,Shanghai,267
E01578,Anthony Hong,Sr. Manger,IT,Research & Development,Male,Asian,37,29-11-2010,146961,0.11,United States,Columbus,268
E04239,Everleigh Ng,Sr. Manger,Finance,Research & Development,Female,Asian,51,10-06-2021,146742,0.1,China,Shanghai,269
E03680,Elias Alvarado,Sr. Manger,IT,Manufacturing,Male,Latino,56,09-01-2012,146140,0.1,Brazil,Manaus,270
E02965,Andrew Do,Sr. Manger,Finance,Research & Development,Male,Asian,43,17-04-2021,146140,0.15,United States,Seattle,270
E04037,Roman Martinez,Sr. Manger,Finance,Research & Development,Male,Latino,31,19-09-2015,145846,0.15,Brazil,Manaus,272
E01111,Santiago f Moua,Sr. Manger,Human Resources,Corporate,Male,Asian,45,07-05-2010,145093,0.12,United States,Chicago,273
E02088,Skylar Ayala,Sr. Manger,Finance,Corporate,Female,Latino,55,06-02-2017,144986,0.12,United States,Phoenix,274
E04130,Elias Figueroa,Sr. Manger,Finance,Corporate,Male,Latino,45,24-12-2021,144754,0.15,United States,Phoenix,275
E00276,Ezekiel Jordan,Sr. Manger,Accounting,Corporate,Male,Caucasian,33,10-02-2013,144231,0.14,United States,Columbus,276
E03866,Jordan Zhu,Sr. Manger,Marketing,Manufacturing,Male,Asian,32,29-01-2017,143970,0.12,United States,Seattle,277
E02907,Jose Singh,Sr. Manger,Finance,Speciality Products,Male,Asian,44,06-04-2010,142878,0.12,United States,Columbus,278
E01789,Charles Luu,Sr. Manger,Sales,Manufacturing,Male,Asian,25,15-06-2021,142731,0.11,China,Shanghai,279
E03327,Julia Luong,Sr. Manger,Accounting,Research & Development,Female,Asian,55,20-06-2006,142628,0.12,China,Chongqing,280
E01412,Eva Jenkins,Sr. Manger,Human Resources,Manufacturing,Female,Black,55,10-11-2004,142318,0.14,United States,Chicago,281
E02166,John Soto,Sr. Manger,Finance,Manufacturing,Male,Latino,60,23-09-2015,141899,0.15,United States,Phoenix,282
E02387,Emily Davis,Sr. Manger,IT,Research & Development,Female,Black,55,08-04-2016,141604,0.15,United States,Seattle,283
E01407,Ellie Guerrero,Sr. Manger,Human Resources,Corporate,Female,Latino,29,13-07-2020,141555,0.11,Brazil,Manaus,284
E00595,Everly Chow,Sr. Manger,Finance,Speciality Products,Female,Asian,33,21-04-2018,140402,0.15,China,Beijing,285
E01076,Sofia Vu,Sr. Manger,Human Resources,Research & Development,Female,Asian,52,05-09-2017,140042,0.13,United States,Austin,286
E02604,Brooklyn Collins,Sr. Manger,Finance,Corporate,Female,Black,59,27-10-2018,139208,0.11,United States,Austin,287
E03528,Leo Hsu,Sr. Manger,Human Resources,Manufacturing,Male,Asian,62,22-11-2017,138808,0.15,China,Chongqing,288
E01921,Sarah Daniels,Sr. Manger,Accounting,Manufacturing,Female,Caucasian,55,09-01-2011,138521,0.1,United States,Miami,289
E03956,Everly Walker,Sr. Manger,Sales,Research & Development,Female,Caucasian,62,02-08-1999,137995,0.14,United States,Austin,290
E01422,Lydia Espinoza,Sr. Manger,Marketing,Speciality Products,Female,Latino,29,15-05-2020,137106,0.12,Brazil,Sao Paulo,291
E04165,Sophie Vang,Sr. Manger,Marketing,Manufacturing,Female,Asian,25,14-09-2021,136810,0.14,China,Chongqing,292
E04089,Sebastian Fong,Sr. Manger,IT,Manufacturing,Male,Asian,46,16-12-2017,136716,0.12,United States,Austin,293
E03412,Joshua Martin,Sr. Manger,Human Resources,Research & Development,Male,Black,42,20-10-2003,135558,0.14,United States,Phoenix,294
E01064,Clara Kang,Sr. Manger,IT,Manufacturing,Female,Asian,39,25-03-2017,135325,0.14,United States,Phoenix,295
E00716,John Chow,Sr. Manger,Marketing,Research & Development,Male,Asian,45,11-03-2021,135062,0.15,China,Chengdu,296
E03393,Henry Figueroa,Sr. Manger,Finance,Manufacturing,Male,Latino,46,19-07-2010,134881,0.15,Brazil,Manaus,297
E01642,Mia Lam,Sr. Manger,IT,Manufacturing,Female,Asian,49,18-04-2006,134486,0.14,United States,Austin,298
E02363,Eliza Liang,Sr. Manger,Human Resources,Speciality Products,Female,Asian,36,11-03-2010,134006,0.13,China,Beijing,299
E00647,Dylan Ali,Sr. Manger,Human Resources,Speciality Products,Male,Asian,27,16-04-2021,133400,0.11,United States,Phoenix,300
E01652,Avery Dominguez,Sr. Manger,Sales,Corporate,Female,Latino,27,13-09-2019,133297,0.13,Brazil,Rio de Janerio,301
E02888,Elijah Ramos,Sr. Manger,IT,Speciality Products,Male,Latino,33,24-12-2012,132544,0.1,Brazil,Rio de Janerio,302
E04972,Ivy Daniels,Sr. Manger,Human Resources,Speciality Products,Female,Caucasian,41,26-10-2008,131841,0.13,United States,Columbus,303
E02665,Bella Butler,Sr. Manger,Finance,Manufacturing,Female,Black,33,25-10-2019,131652,0.11,United States,Seattle,304
E00089,Sofia Yoon,Sr. Manger,Human Resources,Research & Development,Female,Asian,37,17-01-2011,131353,0.11,China,Shanghai,305
E01755,Audrey Patel,Sr. Manger,Finance,Speciality Products,Female,Asian,37,24-04-2011,131183,0.14,China,Shanghai,306
E01188,Alexander James,Sr. Manger,Human Resources,Manufacturing,Male,Caucasian,42,18-04-2013,131179,0.15,United States,Columbus,307
E00085,Mason Watson,Sr. Manger,IT,Corporate,Male,Caucasian,46,14-09-2004,130274,0.11,United States,Chicago,308
E02857,Mason Jimenez,Sr. Manger,Finance,Speciality Products,Male,Latino,44,08-08-2019,130133,0.15,United States,Austin,309
E04564,Luke Sanchez,Sr. Manger,Human Resources,Manufacturing,Male,Latino,41,27-12-2015,129903,0.13,Brazil,Sao Paulo,310
E04630,Maria Griffin,Manager,Marketing,Manufacturing,Female,Caucasian,59,25-04-2007,129708,0.05,United States,Miami,311
E04542,Camila Cortez,Manager,Marketing,Manufacturing,Female,Latino,29,09-05-2021,129541,0.08,United States,Phoenix,312
E04890,Eleanor Chan,Sr. Manger,Accounting,Manufacturing,Female,Asian,49,02-04-2001,129124,0.12,China,Shanghai,313
E03131,Ezekiel Reed,Sr. Manger,IT,Manufacturing,Male,Caucasian,37,25-02-2014,128984,0.12,United States,Miami,314
E02375,Lincoln Huynh,Sr. Manger,Finance,Manufacturing,Male,Asian,63,08-02-2002,128703,0.13,United States,Austin,315
E02716,Dominic Dinh,Sr. Manger,Marketing,Speciality Products,Male,Asian,45,11-04-2005,128468,0.11,United States,Chicago,316
E03220,Alexander Gonzales,Manager,Accounting,Research & Development,Male,Latino,34,04-06-2018,128329,0.08,United States,Phoenix,317
E03081,Ayla Brown,Sr. Manger,Sales,Manufacturing,Female,Caucasian,49,15-04-2013,128303,0.15,United States,Phoenix,318
E02770,James Huang,Manager,Human Resources,Speciality Products,Male,Asian,54,11-03-1997,128136,0.05,China,Beijing,319
E04419,Sophia Ahmed,Sr. Manger,Sales,Speciality Products,Female,Asian,30,13-06-2015,127972,0.11,United States,Seattle,320
E03490,Henry Campos,Sr. Manger,Human Resources,Corporate,Male,Latino,38,27-09-2009,127801,0.15,United States,Phoenix,321
E01108,Hannah Martinez,Manager,Marketing,Manufacturing,Female,Latino,65,07-09-2006,127626,0.1,United States,Miami,322
E02427,Addison Mehta,Manager,Sales,Corporate,Female,Asian,27,15-09-2018,127616,0.07,United States,Columbus,323
E03616,Josiah Lewis,Manager,IT,Research & Development,Male,Caucasian,46,11-08-2021,127559,0.1,United States,Austin,324
E01002,Elias Ali,Manager,Sales,Corporate,Male,Asian,28,19-03-2021,127543,0.06,China,Shanghai,325
E04095,Ryan Holmes,Sr. Manger,Marketing,Speciality Products,Male,Caucasian,45,11-01-2018,127422,0.15,United States,Columbus,326
E04888,Elijah Henry,Manager,IT,Corporate,Male,Caucasian,32,03-01-2014,127148,0.1,United States,Miami,327
E00676,Isaac Yoon,Manager,Human Resources,Corporate,Male,Asian,41,06-02-2019,126950,0.1,United States,Chicago,328
E03854,Camila Li,Sr. Manger,IT,Research & Development,Female,Asian,60,24-07-2010,126911,0.1,China,Shanghai,329
E01860,Jack Edwards,Manager,Marketing,Manufacturing,Male,Caucasian,38,06-04-2008,126856,0.06,United States,Columbus,330
E01338,Jaxson Coleman,Manager,Finance,Manufacturing,Male,Caucasian,32,15-04-2020,126671,0.09,United States,Miami,331
E03277,Caroline Hu,Sr. Manger,Marketing,Speciality Products,Female,Asian,31,18-08-2019,126353,0.12,China,Shanghai,332
E02899,Joshua Cortez,Sr. Manger,Finance,Corporate,Male,Latino,44,11-08-2007,126277,0.13,Brazil,Manaus,333
E04682,Colton Thao,Manager,Human Resources,Manufacturing,Male,Asian,55,16-11-1995,125936,0.08,China,Chongqing,334
E01584,Carter Mejia,Sr. Manger,Human Resources,Research & Development,Male,Latino,29,09-05-2019,125828,0.15,Brazil,Sao Paulo,335
E01902,Eleanor Li,Sr. Manger,Human Resources,Research & Development,Female,Asian,64,07-12-2003,125807,0.15,United States,Chicago,336
E01977,Raelynn Gupta,Sr. Manger,Finance,Corporate,Female,Asian,48,10-09-2001,125730,0.11,China,Chongqing,337
E02862,Peyton Huang,Sr. Manger,IT,Manufacturing,Female,Asian,25,02-07-2021,125633,0.11,China,Beijing,338
E01070,Leonardo Martin,Manager,Finance,Speciality Products,Male,Black,51,16-02-1995,125375,0.09,United States,Chicago,339
E01241,Hadley Guerrero,Sr. Manger,IT,Research & Development,Female,Latino,49,14-01-2004,125086,0.1,Brazil,Sao Paulo,340
E00324,Hailey Song,Manager,Finance,Research & Development,Female,Asian,37,23-08-2016,124928,0.06,China,Chongqing,341
E02661,Maya Chan,Controls Engineer,Engineering,Speciality Products,Female,Asian,37,13-02-2013,124827,0,China,Beijing,342
E04536,Layla Scott,Sr. Manger,Accounting,Speciality Products,Female,Caucasian,48,30-07-2010,124774,0.12,United States,Phoenix,343
E03694,Hailey Watson,Sr. Manger,Accounting,Corporate,Female,Black,31,20-01-2017,124629,0.1,United States,Columbus,344
E02844,Charles Diaz,Sr. Manger,Sales,Corporate,Male,Latino,55,16-11-2013,124129,0.15,Brazil,Sao Paulo,345
E01733,Eloise Pham,Manager,Sales,Speciality Products,Female,Asian,45,20-10-2011,123640,0.07,China,Shanghai,346
E02024,Addison Perez,Operations Engineer,Engineering,Speciality Products,Female,Latino,29,25-09-2020,123588,0,Brazil,Sao Paulo,347
E03189,Asher Jackson,Sr. Manger,Sales,Speciality Products,Male,Caucasian,50,25-03-2003,123405,0.13,United States,Columbus,348
E00206,Theodore Xi,Manager,Finance,Corporate,Male,Asian,52,05-10-2009,122890,0.07,China,Shanghai,349
E02769,Riley Marquez,Sr. Manger,Finance,Research & Development,Female,Latino,39,18-10-2019,122829,0.11,United States,Chicago,350
E01986,Wesley Sharma,Manager,IT,Corporate,Male,Asian,51,23-02-1994,122802,0.05,China,Shanghai,351
E03252,James Bui,Manager,Finance,Manufacturing,Male,Asian,64,20-07-1998,122753,0.09,China,Chongqing,352
E02059,Roman Munoz,Sr. Manger,Sales,Speciality Products,Male,Latino,54,20-10-2011,122644,0.12,United States,Austin,353
E00342,Wesley Doan,Manager,Finance,Corporate,Male,Asian,63,19-04-2004,122487,0.08,China,Shanghai,354
E00586,Sadie Washington,Sr. Manger,Marketing,Research & Development,Female,Caucasian,29,24-05-2019,122350,0.12,United States,Phoenix,355
E01636,Naomi Coleman,Manager,Marketing,Corporate,Female,Caucasian,29,02-11-2016,122054,0.06,United States,Phoenix,356
E03968,Joshua Chin,Sr. Manger,Marketing,Manufacturing,Male,Asian,60,26-07-2021,121480,0.14,United States,Phoenix,357
E00034,Caroline Herrera,Sr. Manger,Marketing,Manufacturing,Female,Latino,45,19-08-2004,121065,0.15,Brazil,Rio de Janerio,358
E01753,Connor Fong,Manager,Accounting,Speciality Products,Male,Asian,40,16-02-2018,120905,0.05,United States,Seattle,359
E02761,Luca Duong,Manager,Human Resources,Research & Development,Male,Asian,48,30-06-2004,120660,0.07,China,Chengdu,360
E04226,Andrew Moore,Operations Engineer,Engineering,Manufacturing,Male,Caucasian,47,02-01-2001,120628,0,United States,Chicago,361
E04798,Aurora Ali,Manager,Marketing,Research & Development,Female,Asian,30,24-04-2016,120341,0.07,United States,Seattle,362
E03248,Lyla Stewart,Sr. Manger,IT,Speciality Products,Female,Caucasian,43,27-03-2015,120321,0.12,United States,Austin,363
E00535,Nathan Mendez,Manager,IT,Speciality Products,Male,Latino,53,31-10-2006,120128,0.1,United States,Austin,364
E02987,Mateo Harris,Manager,IT,Corporate,Male,Caucasian,30,05-08-2017,119906,0.05,United States,Columbus,365
E01550,Ruby Barnes,Manager,IT,Corporate,Female,Caucasian,27,01-07-2020,119746,0.1,United States,Phoenix,366
E03457,Ivy Desai,Controls Engineer,Engineering,Research & Development,Female,Asian,59,09-04-2001,119699,0,China,Shanghai,367
E04168,Mila Juarez,Manager,Sales,Speciality Products,Female,Latino,38,21-09-2017,119647,0.09,Brazil,Sao Paulo,368
E02478,Alexander Morris,Manager,Sales,Speciality Products,Male,Caucasian,33,21-06-2013,119631,0.06,United States,Phoenix,369
E02703,Austin Vang,Manager,Marketing,Speciality Products,Male,Asian,49,20-05-2018,119397,0.09,China,Beijing,370
E04403,Dominic Hu,Manager,Accounting,Speciality Products,Male,Asian,34,13-02-2012,118708,0.07,China,Shanghai,371
E00503,Leah Patterson,Manager,Human Resources,Research & Development,Female,Caucasian,33,11-06-2012,118253,0.08,United States,Austin,372
E02938,Jace Washington,Manager,Accounting,Research & Development,Male,Caucasian,44,09-02-2002,117545,0.06,United States,Phoenix,373
E00742,Cooper Mitchell,Manager,Sales,Speciality Products,Male,Caucasian,43,31-01-2006,117518,0.07,United States,Seattle,374
E04517,Amelia Choi,Manager,Marketing,Speciality Products,Female,Asian,43,11-06-2006,117278,0.09,United States,Miami,375
E03379,Landon Kim,Manager,Human Resources,Speciality Products,Male,Asian,50,15-03-2012,117226,0.08,United States,Phoenix,376
E04937,Ian Ngo,Manager,Sales,Speciality Products,Male,Asian,52,07-08-2014,117062,0.07,United States,Phoenix,377
E01525,Jose Ross,Engineering Manager,Engineering,Research & Development,Male,Caucasian,53,08-04-1992,116878,0.11,United States,Miami,378
E04415,Leonardo Luong,Manager,Finance,Manufacturing,Male,Asian,52,29-12-1999,116527,0.07,United States,Phoenix,379
E01167,Kinsley Collins,Automation Engineer,Engineering,Speciality Products,Female,Caucasian,28,14-11-2018,115854,0,United States,Phoenix,380
E02166,Lucas Thomas,Manager,Accounting,Research & Development,Male,Caucasian,55,28-04-2000,115798,0.05,United States,Miami,381
E03563,Ian Barnes,Operations Engineer,Engineering,Corporate,Male,Caucasian,47,08-06-2020,115765,0,United States,Miami,382
E00703,Wesley Dominguez,Engineering Manager,Engineering,Corporate,Male,Latino,45,27-04-2018,115490,0.12,United States,Chicago,383
E00365,Jonathan Patel,Manager,Marketing,Corporate,Male,Asian,28,02-02-2020,115417,0.06,China,Shanghai,384
E02576,Gianna Ha,Manager,IT,Research & Development,Female,Asian,55,08-02-2005,115145,0.05,China,Chongqing,385
E03305,Hannah King,Manager,Accounting,Speciality Products,Female,Caucasian,31,07-10-2014,114911,0.07,United States,Chicago,386
E00785,Hannah Hoang,Manager,Accounting,Speciality Products,Female,Asian,25,15-12-2021,114893,0.06,China,Chengdu,387
E00440,Jack Huynh,Manager,Marketing,Research & Development,Male,Asian,27,25-09-2018,114441,0.1,China,Chongqing,388
E03919,Grayson Chan,Engineering Manager,Engineering,Speciality Products,Male,Asian,46,20-10-2011,114250,0.14,China,Chengdu,389
E01118,Roman Yang,Manager,Human Resources,Manufacturing,Male,Asian,42,12-12-2009,114242,0.08,United States,Phoenix,390
E01409,Jose Molina,Controls Engineer,Engineering,Manufacturing,Male,Latino,40,28-02-2008,113987,0,Brazil,Manaus,391
E04751,Grayson James,Operations Engineer,Engineering,Speciality Products,Male,Caucasian,54,05-12-2010,113982,0,United States,Seattle,392
E04247,Camila Evans,Manager,Marketing,Research & Development,Female,Black,55,20-12-1992,113950,0.09,United States,Miami,393
E03889,Caleb Flores,Manager,Human Resources,Manufacturing,Male,Latino,34,13-08-2013,113909,0.06,Brazil,Rio de Janerio,394
E03664,Aria Castro,Engineering Manager,Engineering,Speciality Products,Female,Latino,45,14-03-2014,113873,0.11,Brazil,Rio de Janerio,395
E04413,Andrew Thomas,Controls Engineer,Engineering,Manufacturing,Male,Caucasian,36,02-12-2016,113781,0,United States,Columbus,396
E04533,Easton Bailey,Manager,Accounting,Manufacturing,Male,Caucasian,29,25-01-2019,113527,0.06,United States,Austin,397
E03102,Cooper Valdez,Manager,Sales,Corporate,Male,Latino,50,25-04-2012,113269,0.09,Brazil,Sao Paulo,398
E03749,Kennedy Foster,Manager,Marketing,Speciality Products,Female,Caucasian,53,23-11-2013,113135,0.05,United States,Austin,399
E02563,Clara Sanchez,Controls Engineer,Engineering,Corporate,Female,Latino,47,02-10-2018,111404,0,Brazil,Rio de Janerio,400
E02710,Silas Huang,Engineering Manager,Engineering,Research & Development,Male,Asian,57,09-01-1992,111299,0.12,United States,Miami,401
E02147,Allison Medina,Manager,Finance,Speciality Products,Female,Latino,55,29-04-2010,111038,0.05,Brazil,Sao Paulo,402
E04213,Hailey Xi,Manager,Accounting,Corporate,Female,Asian,52,19-11-2021,111006,0.08,China,Chongqing,403
E02066,Grayson Yee,Manager,Human Resources,Corporate,Male,Asian,48,16-07-2015,110565,0.09,China,Beijing,404
E00605,Nova Williams,Manager,Finance,Speciality Products,Female,Black,61,25-04-2010,110302,0.06,United States,Miami,405
E01501,Hudson Liu,Engineering Manager,Engineering,Speciality Products,Male,Asian,34,16-11-2017,110054,0.15,United States,Miami,406
E00276,Alexander Jackson,Manager,Human Resources,Corporate,Male,Caucasian,45,09-07-2012,109883,0.07,United States,Columbus,407
E03344,Camila Rogers,Controls Engineer,Engineering,Speciality Products,Female,Caucasian,27,21-10-2021,109851,0,United States,Seattle,408
E01225,Christian Fong,Manager,Sales,Research & Development,Male,Asian,49,10-08-2012,109850,0.07,China,Beijing,409
E00105,Isla Espinoza,Manager,Accounting,Speciality Products,Female,Latino,38,16-11-2021,109812,0.09,Brazil,Manaus,410
E04969,Abigail Vang,Operations Engineer,Engineering,Research & Development,Female,Asian,40,09-09-2016,109680,0,China,Chengdu,411
E04345,Eliana Grant,Engineering Manager,Engineering,Speciality Products,Female,Caucasian,64,20-06-1994,109456,0.1,United States,Chicago,412
E01706,Avery Sun,Operations Engineer,Engineering,Manufacturing,Female,Asian,45,11-03-2004,109422,0,China,Chongqing,413
E04087,Adam Kaur,Manager,IT,Corporate,Male,Asian,60,29-01-2000,109059,0.07,China,Chengdu,414
E03697,Isaac Woods,Manager,Sales,Corporate,Male,Caucasian,28,08-01-2021,108826,0.1,United States,Miami,415
E03059,Hailey Dang,Manager,Marketing,Manufacturing,Female,Asian,64,21-09-2019,108780,0.06,China,Shanghai,416
E01762,Maya Ngo,Manager,Sales,Speciality Products,Female,Asian,55,20-10-2012,108686,0.06,United States,Columbus,417
E01845,Leo Fernandez,Manager,Finance,Research & Development,Male,Latino,54,28-04-1998,108268,0.09,Brazil,Sao Paulo,418
E00518,Lydia Morales,Manager,Finance,Speciality Products,Female,Latino,51,14-06-2013,108221,0.05,Brazil,Manaus,419
E02846,Julia Mai,Manager,Marketing,Manufacturing,Female,Asian,50,11-03-2012,108134,0.1,China,Shanghai,420
E04380,Naomi Washington,Manager,IT,Speciality Products,Female,Caucasian,51,13-03-2020,107195,0.09,United States,Austin,421
E03642,Aria Roberts,Manager,Accounting,Corporate,Female,Caucasian,38,12-08-2015,106858,0.05,United States,Seattle,422
E00287,Luca Nelson,Manager,Finance,Speciality Products,Male,Caucasian,60,15-06-2010,106578,0.09,United States,Miami,423
E00717,Madelyn Chan,Manager,Sales,Speciality Products,Female,Asian,64,21-05-2003,106444,0.05,United States,Phoenix,424
E01262,Miles Mehta,Manager,Finance,Manufacturing,Male,Asian,50,19-05-2018,106437,0.07,China,Chongqing,425
E03894,Charlotte Chang,Manager,Sales,Research & Development,Female,Asian,50,07-05-2000,106428,0.07,United States,Chicago,426
E02148,Christopher Vega,Engineering Manager,Engineering,Research & Development,Male,Latino,54,27-10-2007,106313,0.15,United States,Chicago,427
E04464,Cooper Yoon,Engineering Manager,Engineering,Research & Development,Male,Asian,60,15-02-2018,106079,0.14,United States,Austin,428
E03423,Santiago f Gonzalez,Manager,Sales,Research & Development,Male,Latino,36,26-07-2012,105891,0.07,United States,Seattle,429
E00369,Genesis Woods,Manager,Human Resources,Speciality Products,Female,Black,33,21-08-2013,105390,0.06,United States,Columbus,430
E00682,Sofia Fernandez,Manager,Accounting,Manufacturing,Female,Latino,44,17-10-2005,105223,0.1,United States,Phoenix,431
E00530,Eli Jones,Manager,Human Resources,Manufacturing,Male,Caucasian,59,14-03-1999,105086,0.09,United States,Austin,432
E03061,Vivian Lewis,Manager,Marketing,Manufacturing,Female,Caucasian,65,07-09-2011,104903,0.1,United States,Columbus,433
E01209,Jayden Williams,Manager,Human Resources,Manufacturing,Male,Caucasian,64,26-12-1992,104668,0.08,United States,Columbus,434
E00638,David Simmons,Manager,Marketing,Corporate,Male,Caucasian,51,26-01-1997,104431,0.07,United States,Phoenix,435
E04348,Natalia Owens,Manager,Human Resources,Manufacturing,Female,Caucasian,31,18-01-2021,104162,0.07,United States,Austin,436
E02652,Nathan Sun,Manager,Accounting,Speciality Products,Male,Asian,63,29-07-2015,103724,0.05,China,Shanghai,437
E02900,Elena Richardson,Manager,Accounting,Manufacturing,Female,Caucasian,34,03-10-2014,103707,0.09,United States,Columbus,438
E02249,Allison Daniels,Manager,Finance,Manufacturing,Female,Caucasian,37,14-04-2020,103524,0.09,United States,Phoenix,439
E02872,Liam Jung,Manager,Finance,Corporate,Male,Asian,39,14-01-2010,103504,0.07,China,Chengdu,440
E01883,Olivia Gray,Manager,Marketing,Research & Development,Female,Black,42,19-09-2015,103423,0.06,United States,Columbus,441
E03994,Henry Jung,Automation Engineer,Engineering,Manufacturing,Male,Asian,57,26-02-2018,103183,0,United States,Austin,442
E03718,Zoe Zhou,Manager,Finance,Corporate,Female,Asian,61,06-10-2009,103096,0.07,China,Beijing,443
E03328,Lucy Johnson,Manager,IT,Research & Development,Female,Caucasian,57,27-04-2020,103058,0.07,United States,Columbus,444
E03720,Genesis Hunter,Manager,Finance,Corporate,Female,Caucasian,48,22-04-1999,102847,0.05,United States,Chicago,445
E02843,Lily Pena,Manager,Human Resources,Speciality Products,Female,Latino,55,24-02-2010,102839,0.05,United States,Miami,446
E00864,Samantha Aguilar,Manager,Accounting,Speciality Products,Female,Latino,46,24-04-2010,102636,0.06,United States,Seattle,447
E00245,Lucas Daniels,Manager,Sales,Corporate,Male,Black,42,29-05-2011,102440,0.06,United States,Chicago,448
E04163,David Herrera,Engineering Manager,Engineering,Speciality Products,Male,Latino,32,09-10-2021,102298,0.13,Brazil,Rio de Janerio,449
E00874,Alexander Choi,Manager,Marketing,Research & Development,Male,Asian,55,18-09-1994,102270,0.1,United States,Chicago,450
E04029,Jayden Jimenez,Manager,Human Resources,Corporate,Male,Latino,46,24-09-2011,102167,0.06,Brazil,Rio de Janerio,451
E01839,Stella Alexander,Automation Engineer,Engineering,Corporate,Female,Caucasian,52,10-12-2005,102043,0,United States,Chicago,452
E03113,Willow Chen,Manager,Accounting,Corporate,Female,Asian,50,03-09-2012,102033,0.08,United States,Austin,453
E02492,Parker Sandoval,Manager,Human Resources,Speciality Products,Male,Latino,59,10-06-2015,101985,0.07,United States,Miami,454
E03910,Nova Hsu,Manager,Human Resources,Speciality Products,Female,Asian,32,03-01-2017,101870,0.1,United States,Phoenix,455
E00836,Wesley King,Manager,Accounting,Manufacturing,Male,Caucasian,57,19-01-2019,101577,0.05,United States,Chicago,456
E01722,Asher Huynh,Manager,IT,Manufacturing,Male,Asian,45,22-01-2015,101288,0.1,United States,Phoenix,457
E03471,Julia Sandoval,Manager,Human Resources,Corporate,Female,Latino,42,19-11-2017,101143,0.06,United States,Miami,458
E01508,Penelope Rodriguez,Engineering Manager,Engineering,Manufacturing,Female,Latino,49,12-03-2016,100810,0.12,Brazil,Rio de Janerio,459
E03446,Julian Ross,Manager,Marketing,Research & Development,Male,Caucasian,51,02-07-2020,100099,0.08,United States,Miami,460
E04152,Adeline Huang,Controls Engineer,Engineering,Manufacturing,Female,Asian,34,16-12-2019,99989,0,China,Chengdu,461
E04105,Theodore Dinh,Technical Architect,IT,Manufacturing,Male,Asian,59,29-11-1997,99975,0,China,Chongqing,462
E04756,Aiden Le,Cloud Infrastructure Architect,IT,Corporate,Male,Asian,55,24-12-1994,99774,0,United States,Austin,463
E04155,Dylan Dominguez,Sr. Analyst,Marketing,Research & Development,Male,Latino,42,07-04-2015,99697,0,Brazil,Rio de Janerio,464
E01807,Matthew Lim,Sr. Analyst,Sales,Research & Development,Male,Asian,52,18-02-1994,99624,0,United States,Seattle,465
E02074,Nora Brown,Enterprise Architect,IT,Manufacturing,Female,Caucasian,32,11-02-2014,99575,0,United States,Austin,466
E01870,Easton Moore,Computer Systems Manager,IT,Research & Development,Male,Caucasian,52,23-05-2013,99557,0.09,United States,Seattle,467
E03343,Carson Lu,Engineering Manager,Engineering,Speciality Products,Male,Asian,64,04-12-1996,99354,0.12,China,Beijing,468
E03583,Kayden Jordan,Cloud Infrastructure Architect,IT,Research & Development,Male,Caucasian,48,14-09-2010,99335,0,United States,Phoenix,469
E02298,Emily Doan,Engineering Manager,Engineering,Corporate,Female,Asian,32,04-12-2014,99202,0.11,United States,Phoenix,470
E02971,Mia Wu,Enterprise Architect,IT,Corporate,Female,Asian,45,25-08-2013,99169,0,China,Beijing,471
E01286,Mateo Mendez,Development Engineer,Engineering,Research & Development,Male,Latino,47,14-07-1998,99091,0,United States,Austin,472
E02227,Sofia Parker,Cloud Infrastructure Architect,IT,Manufacturing,Female,Caucasian,36,30-05-2014,99080,0,United States,Chicago,473
E04769,Mila Leung,Sr. Analyst,Marketing,Corporate,Female,Asian,39,05-11-2007,99017,0,China,Beijing,474
E03972,Jordan Gomez,Sr. Analyst,Accounting,Research & Development,Male,Latino,58,15-09-1994,98769,0,Brazil,Rio de Janerio,475
E04545,Abigail Mejia,Quality Engineer,Engineering,Corporate,Female,Latino,56,05-02-2005,98581,0,Brazil,Rio de Janerio,476
E01488,Stella Lai,Sr. Analyst,Accounting,Manufacturing,Female,Asian,44,28-04-2021,98520,0,United States,Miami,477
E03094,Wesley Young,Sr. Analyst,Marketing,Speciality Products,Male,Caucasian,33,18-09-2016,98427,0,United States,Columbus,478
E03114,Jameson Juarez,Development Engineer,Engineering,Speciality Products,Male,Latino,62,09-10-1994,98230,0,United States,Miami,479
E04952,Paisley Gomez,Sr. Analyst,Sales,Manufacturing,Female,Latino,57,02-10-2007,98150,0,Brazil,Rio de Janerio,480
E01357,Paisley Hunter,Engineering Manager,Engineering,Research & Development,Female,Caucasian,61,15-01-2010,98110,0.13,United States,Chicago,481
E01150,Allison Leung,Sr. Analyst,Sales,Research & Development,Female,Asian,62,18-05-2020,97830,0,United States,Austin,482
E03474,Violet Hall,Solutions Architect,IT,Corporate,Female,Caucasian,40,10-12-2010,97807,0,United States,Chicago,483
E03269,Charlotte Chu,Network Engineer,IT,Manufacturing,Female,Asian,50,23-01-2001,97537,0,China,Chengdu,484
E02005,Isabella Bui,Enterprise Architect,IT,Manufacturing,Female,Asian,36,21-11-2014,97500,0,United States,Miami,485
E01132,Gabriella Johnson,Computer Systems Manager,IT,Research & Development,Female,Caucasian,42,01-03-2006,97433,0.05,United States,Seattle,486
E04926,Emma Luna,Field Engineer,Engineering,Speciality Products,Female,Latino,52,25-03-2008,97398,0,Brazil,Manaus,487
E00306,Mateo Williams,Enterprise Architect,IT,Manufacturing,Male,Caucasian,40,22-01-2011,97339,0,United States,Austin,488
E03626,Nicholas Avila,Enterprise Architect,IT,Research & Development,Male,Latino,28,28-09-2017,97336,0,United States,Austin,489
E02728,Thomas Chang,Sr. Analyst,Accounting,Research & Development,Male,Asian,34,26-07-2011,97231,0,China,Beijing,490
E03496,Robert Yang,Sr. Analyst,Accounting,Speciality Products,Male,Asian,31,04-11-2017,97078,0,United States,Austin,491
E01713,Nolan Guzman,Field Engineer,Engineering,Speciality Products,Male,Latino,46,20-06-1999,96997,0,Brazil,Sao Paulo,492
E04004,Everleigh Shah,Test Engineer,Engineering,Research & Development,Female,Asian,36,14-12-2018,96757,0,United States,Columbus,493
E04802,Lucy Fong,Sr. Account Representative,Sales,Corporate,Female,Asian,40,20-01-2011,96719,0,China,Chengdu,494
E02179,Peyton Owens,Controls Engineer,Engineering,Speciality Products,Female,Caucasian,48,25-09-2014,96693,0,United States,Chicago,495
E02730,Axel Soto,Quality Engineer,Engineering,Corporate,Male,Latino,46,22-04-2005,96639,0,Brazil,Rio de Janerio,496
E04546,Jade Hunter,Cloud Infrastructure Architect,IT,Corporate,Female,Caucasian,42,05-02-2020,96636,0,United States,Columbus,497
E01415,Henry Green,Sr. Account Representative,Sales,Speciality Products,Male,Caucasian,32,03-02-2020,96598,0,United States,Phoenix,498
E01037,Jeremiah Chu,IT Systems Architect,IT,Research & Development,Male,Asian,31,12-09-2020,96567,0,China,Shanghai,499
E00481,Jameson Nelson,Network Architect,IT,Research & Development,Male,Caucasian,61,08-03-2016,96566,0,United States,Columbus,500
E02012,Anna Han,System Administrator ,IT,Research & Development,Female,Asian,65,08-05-2003,96548,0,United States,Austin,501
E03875,Aurora Simmons,Development Engineer,Engineering,Corporate,Female,Caucasian,51,22-12-1995,96475,0,United States,Austin,502
E03160,Carter Ortiz,Quality Engineer,Engineering,Speciality Products,Male,Latino,54,29-04-2012,96441,0,Brazil,Sao Paulo,503
E04189,Ariana Kim,Network Architect,IT,Manufacturing,Female,Asian,33,29-06-2014,96366,0,China,Chengdu,504
E00632,Angel Chang,Network Architect,IT,Research & Development,Male,Asian,37,06-07-2017,96331,0,China,Shanghai,505
E00863,Lincoln Ramos,Operations Engineer,Engineering,Corporate,Male,Latino,59,10-09-2008,96313,0,United States,Austin,506
E00446,Hudson Hill,Sr. Analyst,Sales,Research & Development,Male,Caucasian,30,04-11-2019,96092,0,United States,Austin,507
E03268,Emilia Rivera,Test Engineer,Engineering,Research & Development,Female,Latino,42,23-11-2017,96023,0,United States,Miami,508
E02802,Matthew Chau,Sr. Business Partner,Human Resources,Research & Development,Male,Asian,53,16-11-2002,95998,0,United States,Seattle,509
E04816,Jace Zhang,Service Desk Analyst,IT,Speciality Products,Male,Asian,31,14-02-2017,95963,0,China,Chengdu,510
E02521,Lily Nguyen,Sr. Analyst,Finance,Speciality Products,Female,Asian,33,28-01-2012,95960,0,China,Chengdu,511
E01366,William Walker,Computer Systems Manager,IT,Research & Development,Male,Black,40,24-02-2019,95899,0.1,United States,Columbus,512
E01141,Gianna Williams,Quality Engineer,Engineering,Research & Development,Female,Black,27,28-01-2021,95786,0,United States,Chicago,513
E02813,Kai Chow,Engineering Manager,Engineering,Corporate,Male,Asian,45,12-04-2001,95743,0.15,United States,Austin,514
E04720,Christopher Chung,Controls Engineer,Engineering,Corporate,Male,Asian,28,18-12-2021,95670,0,United States,Phoenix,515
E03615,Daniel Dixon,Operations Engineer,Engineering,Speciality Products,Male,Caucasian,51,09-10-1999,95639,0,United States,Austin,516
E03984,Hailey Foster,Controls Engineer,Engineering,Manufacturing,Female,Black,55,21-03-2021,95562,0,United States,Chicago,517
E04448,Adrian Ruiz,Sr. Analyst,Finance,Corporate,Male,Latino,34,04-09-2014,95499,0,Brazil,Sao Paulo,518
E01639,Austin Vo,Sr. Analyst,Finance,Manufacturing,Male,Asian,55,20-11-1995,95409,0,United States,Phoenix,519
E03047,Gabriella Gupta,Sr. Account Representative,Sales,Corporate,Female,Asian,41,15-02-2005,95372,0,China,Shanghai,520
E00639,Benjamin Mai,System Administrator ,IT,Corporate,Male,Asian,54,15-06-1998,95239,0,United States,Phoenix,521
E00769,Jose Kang,Engineering Manager,Engineering,Corporate,Male,Asian,57,25-04-1999,95061,0.1,China,Shanghai,522
E00626,Luna Simmons,Sr. Analyst,Finance,Corporate,Female,Caucasian,28,04-09-2020,95045,0,United States,Chicago,523
E00013,Raelynn Ma,Sr. Analyst,Finance,Speciality Products,Female,Asian,33,08-10-2015,94876,0,United States,Miami,524
E00287,Maverick Figueroa,IT Systems Architect,IT,Corporate,Male,Latino,48,06-07-2008,94815,0,United States,Chicago,525
E04618,Mason Zhao,Technical Architect,IT,Research & Development,Male,Asian,46,26-10-2021,94790,0,China,Chongqing,526
E04670,Angel Do,IT Systems Architect,IT,Speciality Products,Male,Asian,34,20-09-2019,94735,0,China,Beijing,527
E03065,Ezra Ortiz,Quality Engineer,Engineering,Research & Development,Male,Latino,41,21-01-2012,94658,0,United States,Miami,528
E03870,Madeline Allen,Cloud Infrastructure Architect,IT,Manufacturing,Female,Caucasian,30,03-02-2020,94652,0,United States,Seattle,529
E00559,Penelope Silva,Network Architect,IT,Speciality Products,Female,Latino,36,03-11-2016,94618,0,United States,Columbus,530
E04131,Cora Rivera,Sr. Analyst,Marketing,Corporate,Female,Latino,42,02-01-2021,94430,0,United States,Seattle,531
E00717,Axel Santos,Sr. Analyst,Accounting,Speciality Products,Male,Latino,62,17-02-2011,94422,0,United States,Phoenix,532
E00955,Theodore Marquez,Development Engineer,Engineering,Speciality Products,Male,Latino,54,24-11-2012,94407,0,Brazil,Sao Paulo,533
E00593,Luke Wilson,Solutions Architect,IT,Speciality Products,Male,Caucasian,34,24-05-2016,94352,0,United States,Miami,534
E00273,David Owens,Sr. Analyst,Sales,Corporate,Male,Black,43,16-04-2004,94246,0,United States,Austin,535
E03417,Benjamin Moua,Computer Systems Manager,IT,Manufacturing,Male,Asian,40,02-07-2007,93971,0.08,China,Chongqing,536
E00672,Mila Pena,Sr. Business Partner,Human Resources,Manufacturing,Female,Latino,45,21-12-2007,93840,0,Brazil,Manaus,537
E04871,Liam Grant,Sr. Business Partner,Human Resources,Research & Development,Male,Caucasian,30,15-03-2015,93734,0,United States,Phoenix,538
E02923,Ethan Tang,Sr. Analyst,Accounting,Speciality Products,Male,Asian,54,04-05-2016,93668,0,United States,Chicago,539
E02453,Dylan Kumar,Sr. Analyst,Marketing,Speciality Products,Male,Asian,55,11-07-2006,93343,0,China,Chongqing,540
E02415,Penelope Gonzalez,Sr. Analyst,Sales,Corporate,Female,Latino,52,16-10-1994,93103,0,United States,Phoenix,541
E00431,Skylar Doan,Sr. Business Partner,Human Resources,Research & Development,Female,Asian,58,21-08-1994,93102,0,United States,Seattle,542
E00401,Wesley Adams,System Administrator ,IT,Corporate,Male,Caucasian,48,11-08-2003,93017,0,United States,Seattle,543
E02235,Riley Ramirez,Sr. Business Partner,Human Resources,Research & Development,Female,Latino,52,13-09-1999,92994,0,United States,Chicago,544
E03538,Gabriel Holmes,Enterprise Architect,IT,Research & Development,Male,Caucasian,40,04-11-2010,92952,0,United States,Seattle,545
E02881,Leilani Sharma,Sr. Analyst,Accounting,Manufacturing,Female,Asian,43,23-01-2014,92940,0,China,Chengdu,546
E00265,Mila Vasquez,Quality Engineer,Engineering,Manufacturing,Female,Latino,60,16-07-1998,92932,0,United States,Columbus,547
E04504,Jameson Alvarado,Enterprise Architect,IT,Manufacturing,Male,Latino,47,14-03-1999,92897,0,Brazil,Sao Paulo,548
E02331,Sophia Huynh,Enterprise Architect,IT,Manufacturing,Female,Asian,55,09-08-2005,92771,0,United States,Miami,549
E04000,Skylar Carrillo,Engineering Manager,Engineering,Corporate,Female,Latino,44,18-12-2008,92753,0.13,United States,Austin,550
E00465,Brooklyn Cho,Technical Architect,IT,Manufacturing,Female,Asian,45,08-07-2002,92655,0,China,Chengdu,551
E02489,Ethan Clark,Sr. Business Partner,Human Resources,Manufacturing,Male,Caucasian,33,04-08-2017,92610,0,United States,Columbus,552
E01958,Angel Lin,Network Administrator,IT,Manufacturing,Male,Asian,27,24-12-2020,92321,0,United States,Chicago,553
E02984,Jack Mai,Sr. Analyst,Marketing,Corporate,Male,Asian,45,22-09-2007,92293,0,China,Chengdu,554
E03849,Harper Chin,Quality Engineer,Engineering,Manufacturing,Female,Asian,50,09-07-2002,92209,0,China,Shanghai,555
E02135,John Delgado,Cloud Infrastructure Architect,IT,Corporate,Male,Latino,30,11-02-2017,92058,0,United States,Austin,556
E00233,Brooklyn Reyes,Service Desk Analyst,IT,Manufacturing,Female,Latino,36,19-12-2019,91954,0,United States,Columbus,557
E04126,Dominic Baker,Sr. Analyst,Accounting,Manufacturing,Male,Black,51,09-10-2020,91853,0,United States,Chicago,558
E02473,Leonardo Lo,Quality Engineer,Engineering,Speciality Products,Male,Asian,29,15-11-2021,91782,0,China,Chongqing,559
E01388,Ivy Soto,Field Engineer,Engineering,Research & Development,Female,Latino,50,23-10-1997,91763,0,United States,Austin,560
E03519,Eliza Zheng,Computer Systems Manager,IT,Speciality Products,Female,Asian,48,20-04-2014,91679,0.07,China,Chongqing,561
E03912,Carter Turner,Sr. Analyst,Marketing,Corporate,Male,Caucasian,33,17-11-2015,91632,0,United States,Phoenix,562
E02417,Alice Young,Automation Engineer,Engineering,Research & Development,Female,Caucasian,46,24-01-2008,91621,0,United States,Chicago,563
E04217,Lydia Williams,System Administrator ,IT,Manufacturing,Female,Black,35,29-10-2014,91592,0,United States,Chicago,564
E00640,Paisley Bryant,Cloud Infrastructure Architect,IT,Manufacturing,Female,Black,37,27-04-2016,91400,0,United States,Chicago,565
E04048,Julian Lee,IT Systems Architect,IT,Corporate,Male,Asian,51,17-01-2003,91399,0,United States,Seattle,566
E00359,Logan Carrillo,Sr. Analyst,Marketing,Research & Development,Male,Latino,33,30-11-2014,91280,0,United States,Miami,567
E04491,Nathan Chan,Cloud Infrastructure Architect,IT,Corporate,Male,Asian,45,02-03-2000,91276,0,United States,Seattle,568
E00096,Peyton Cruz,Development Engineer,Engineering,Manufacturing,Female,Latino,30,26-05-2016,91134,0,Brazil,Sao Paulo,569
E04359,Layla Salazar,Solutions Architect,IT,Corporate,Female,Latino,59,19-03-2014,90901,0,United States,Seattle,570
E03681,Lyla Chen,Sr. Business Partner,Human Resources,Research & Development,Female,Asian,45,26-04-2019,90870,0,United States,Chicago,571
E02254,Jaxson Sandoval,Sr. Analyst,Sales,Speciality Products,Male,Latino,61,03-05-2017,90855,0,Brazil,Sao Paulo,572
E01952,Everett Lee,Network Administrator,IT,Research & Development,Male,Asian,45,26-02-2010,90770,0,United States,Columbus,573
E01633,Addison Do,Operations Engineer,Engineering,Manufacturing,Female,Asian,46,30-05-2001,90678,0,United States,Columbus,574
E03296,Eloise Trinh,Solutions Architect,IT,Speciality Products,Female,Asian,39,22-04-2020,90535,0,United States,Miami,575
E00102,Riley Rojas,Network Architect,IT,Speciality Products,Female,Latino,36,21-01-2021,90333,0,Brazil,Rio de Janerio,576
E04267,Greyson Sanders,Cloud Infrastructure Architect,IT,Speciality Products,Male,Black,28,06-03-2019,90304,0,United States,Chicago,577
E00784,Ella Nguyen,Service Desk Analyst,IT,Corporate,Female,Asian,60,10-02-2004,90258,0,China,Chongqing,578
E04817,Zoe Sanchez,Sr. Analyst,Accounting,Research & Development,Female,Latino,53,23-12-2004,90212,0,Brazil,Sao Paulo,579
E02960,Nova Hill,Sr. Analyst,Accounting,Manufacturing,Female,Caucasian,56,10-03-2018,90040,0,United States,Chicago,580
E04800,Eli Han,Sr. Analyst,Accounting,Manufacturing,Male,Asian,40,15-01-2016,89984,0,China,Chengdu,581
E04487,Audrey Hwang,Sr. Analyst,Accounting,Speciality Products,Female,Asian,45,17-06-2020,89841,0,China,Beijing,582
E02024,Amelia Bell,Sr. Analyst,Sales,Manufacturing,Female,Caucasian,53,05-08-2017,89769,0,United States,Seattle,583
E02031,Melody Cooper,Development Engineer,Engineering,Research & Development,Female,Caucasian,44,04-09-2009,89695,0,United States,Austin,584
E04032,Emery Zhang,Field Engineer,Engineering,Corporate,Female,Asian,45,28-02-2012,89659,0,China,Beijing,585
E03799,Natalie Hwang,Sr. Analyst,Finance,Speciality Products,Female,Asian,63,31-12-1999,89523,0,United States,Phoenix,586
E02848,Emma Brooks,Sr. Account Representative,Sales,Research & Development,Female,Caucasian,30,18-12-2016,89458,0,United States,Austin,587
E01377,Grayson Luu,Quality Engineer,Engineering,Research & Development,Male,Asian,55,30-04-2011,89419,0,China,Shanghai,588
E04095,Sadie Patterson,Sr. Analyst,Accounting,Speciality Products,Female,Caucasian,38,24-07-2020,89390,0,United States,Seattle,589
E02943,Bella Lopez,Sr. Analyst,Marketing,Corporate,Female,Latino,32,12-11-2013,88895,0,United States,Chicago,590
E04547,Avery Grant,Enterprise Architect,IT,Research & Development,Female,Caucasian,49,05-03-2014,88777,0,United States,Chicago,591
E04458,Alexander Bryant,Field Engineer,Engineering,Speciality Products,Male,Caucasian,30,02-10-2021,88758,0,United States,Seattle,592
E01611,Gabriella Zhu,Computer Systems Manager,IT,Speciality Products,Female,Asian,36,29-11-2014,88730,0.08,China,Chongqing,593
E04799,Mila Roberts,Sr. Business Partner,Human Resources,Corporate,Female,Caucasian,30,26-01-2017,88663,0,United States,Phoenix,594
E02217,William Phillips,Network Architect,IT,Corporate,Male,Black,61,27-01-2004,88478,0,United States,Austin,595
E04108,Jade Figueroa,Sr. Analyst,Sales,Manufacturing,Female,Latino,33,14-05-2012,88343,0,Brazil,Rio de Janerio,596
E03438,Asher Morales,Automation Engineer,Engineering,Research & Development,Male,Latino,52,10-07-2020,88272,0,Brazil,Sao Paulo,597
E03402,Isaac Liu,Field Engineer,Engineering,Manufacturing,Male,Asian,60,13-10-1992,88213,0,China,Chongqing,598
E02035,Eli Rahman,Service Desk Analyst,IT,Manufacturing,Male,Asian,45,16-03-2010,88182,0,China,Chengdu,599
E04931,Zoe Romero,Network Architect,IT,Manufacturing,Female,Latino,32,05-10-2021,88072,0,Brazil,Sao Paulo,600
E00306,Piper Patterson,Quality Engineer,Engineering,Corporate,Female,Caucasian,45,19-06-2019,88045,0,United States,Chicago,601
E02848,Lincoln Huynh,System Administrator ,IT,Research & Development,Male,Asian,55,09-11-2016,87851,0,China,Chongqing,602
E04639,Luna Taylor,Network Administrator,IT,Manufacturing,Female,Caucasian,47,28-07-2018,87806,0,United States,Seattle,603
E02903,Robert Vazquez,System Administrator ,IT,Corporate,Male,Latino,40,26-09-2021,87770,0,United States,Austin,604
E03359,Autumn Ortiz,Field Engineer,Engineering,Research & Development,Female,Latino,30,17-12-2017,87744,0,Brazil,Sao Paulo,605
E00697,Jonathan Chavez,System Administrator ,IT,Manufacturing,Male,Latino,29,11-05-2017,87536,0,United States,Seattle,606
E01760,Madeline Acosta,Sr. Account Representative,Sales,Speciality Products,Female,Latino,26,09-02-2021,87427,0,Brazil,Sao Paulo,607
E00276,Kennedy Romero,Engineering Manager,Engineering,Research & Development,Female,Latino,37,27-12-2018,87359,0.11,Brazil,Rio de Janerio,608
E01966,Thomas Williams,Field Engineer,Engineering,Speciality Products,Male,Caucasian,45,21-11-2015,87292,0,United States,Columbus,609
E03908,Miles Evans,Network Architect,IT,Manufacturing,Male,Caucasian,54,24-10-1994,87216,0,United States,Miami,610
E04167,Henry Alvarez,Sr. Business Partner,Human Resources,Manufacturing,Male,Latino,48,12-04-2005,87158,0,Brazil,Manaus,611
E03364,Audrey Lee,Development Engineer,Engineering,Speciality Products,Female,Asian,51,11-02-2017,87036,0,China,Chongqing,612
E04474,Mila Hong,Test Engineer,Engineering,Research & Development,Female,Asian,30,22-05-2017,86858,0,China,Chongqing,613
E04387,Everleigh White,Network Architect,IT,Speciality Products,Female,Caucasian,59,20-10-2017,86831,0,United States,Phoenix,614
E02770,Liliana Do,Service Desk Analyst,IT,Manufacturing,Female,Asian,30,29-03-2019,86774,0,China,Chengdu,615
E01533,Avery Bailey,Sr. Analyst,Sales,Speciality Products,Female,Caucasian,49,15-05-1996,86658,0,United States,Phoenix,616
E02706,Nevaeh Kang,Automation Engineer,Engineering,Research & Development,Female,Asian,46,10-01-2021,86538,0,China,Chengdu,617
E00181,Genesis Hu,Sr. Analyst,Marketing,Corporate,Female,Asian,46,15-01-2002,86510,0,China,Beijing,618
E03292,Cora Evans,Computer Systems Manager,IT,Speciality Products,Female,Black,45,26-03-2018,86478,0.06,United States,Austin,619
E01242,Emery Doan,Controls Engineer,Engineering,Corporate,Female,Asian,25,23-06-2021,86464,0,China,Shanghai,620
E03567,Silas Chavez,Technical Architect,IT,Research & Development,Male,Latino,51,15-04-2008,86431,0,United States,Columbus,621
E03890,Everett Khan,Solutions Architect,IT,Manufacturing,Male,Asian,43,18-01-2017,86417,0,United States,Chicago,622
E01754,Owen Lam,Sr. Business Partner,Human Resources,Speciality Products,Male,Asian,30,29-05-2017,86317,0,China,Chengdu,623
E00665,David Chu,Controls Engineer,Engineering,Corporate,Male,Asian,55,03-09-1998,86299,0,United States,Seattle,624
E04538,Adeline Yang,Cloud Infrastructure Architect,IT,Corporate,Female,Asian,53,20-07-2011,86173,0,China,Chongqing,625
E03941,Isla Han,Technical Architect,IT,Manufacturing,Female,Asian,58,18-06-2005,86089,0,United States,Chicago,626
E03904,Hunter Ortiz,Sr. Analyst,Finance,Corporate,Male,Latino,46,20-01-2013,86061,0,Brazil,Rio de Janerio,627
E02284,Josephine Salazar,Field Engineer,Engineering,Speciality Products,Female,Latino,36,14-03-2016,85870,0,Brazil,Sao Paulo,628
E03430,Leo Herrera,Sr. Business Partner,Human Resources,Research & Development,Male,Latino,48,22-04-1998,85369,0,Brazil,Manaus,629
E00436,Lincoln Reyes,Computer Systems Manager,IT,Manufacturing,Male,Latino,60,03-08-1998,85120,0.09,United States,Seattle,630
E02832,Penelope Jordan,Computer Systems Manager,IT,Manufacturing,Female,Caucasian,26,27-09-2019,84913,0.07,United States,Chicago,631
E01258,Gabriel Brooks,Network Engineer,IT,Manufacturing,Male,Caucasian,29,10-12-2018,84596,0,United States,Miami,632
E00494,Robert Alvarez,Service Desk Analyst,IT,Corporate,Male,Latino,39,21-10-2016,84297,0,Brazil,Manaus,633
E00965,Jacob Khan,Computer Systems Manager,IT,Speciality Products,Male,Asian,53,09-02-2008,84193,0.09,China,Shanghai,634
E01797,Piper Lewis,Field Engineer,Engineering,Research & Development,Female,Caucasian,33,22-12-2018,83990,0,United States,Chicago,635
E04290,Hannah Gomez,Technical Architect,IT,Manufacturing,Female,Latino,25,11-05-2021,83934,0,United States,Miami,636
E02838,Julia Pham,Engineering Manager,Engineering,Speciality Products,Female,Asian,65,16-03-2006,83756,0.14,China,Shanghai,637
E02720,Jaxon Fong,Sr. Analyst,Sales,Speciality Products,Male,Asian,59,13-03-1997,83685,0,China,Beijing,638
E01499,Elias Zhang,Solutions Architect,IT,Research & Development,Male,Asian,54,13-07-2013,83639,0,China,Beijing,639
E03332,Ruby Sun,Cloud Infrastructure Architect,IT,Manufacturing,Female,Asian,50,06-09-2021,83418,0,China,Shanghai,640
E00144,Theodore Ngo,Controls Engineer,Engineering,Research & Development,Male,Asian,55,29-04-2018,83378,0,China,Beijing,641
E04035,Penelope Johnson,Sr. Analyst,Marketing,Research & Development,Female,Caucasian,34,25-06-2012,83066,0,United States,Chicago,642
E04242,Alice Lopez,Test Engineer,Engineering,Speciality Products,Female,Latino,48,27-06-2009,82907,0,United States,Seattle,643
E01417,Leah Pena,Enterprise Architect,IT,Corporate,Female,Latino,57,03-01-1994,82872,0,Brazil,Manaus,644
E02855,Piper Cheng,Enterprise Architect,IT,Manufacturing,Female,Asian,62,15-03-2009,82839,0,United States,Miami,645
E03830,Madison Her,Technical Architect,IT,Speciality Products,Female,Asian,56,22-06-1996,82806,0,United States,Seattle,646
E00488,Emery Hunter,Sr. Analyst,Sales,Corporate,Female,Caucasian,28,03-07-2021,82739,0,United States,Phoenix,647
E00099,Brooklyn Salazar,IT Systems Architect,IT,Manufacturing,Female,Latino,44,01-03-2011,82462,0,United States,Austin,648
E03429,Ian Wu,Sr. Analyst,Marketing,Manufacturing,Male,Asian,51,14-04-2012,82300,0,China,Chengdu,649
E01638,Maria He,IT Systems Architect,IT,Corporate,Female,Asian,45,28-08-2010,82162,0,China,Beijing,650
E01484,Anna Zhu,Service Desk Analyst,IT,Manufacturing,Female,Asian,48,22-08-2003,82017,0,China,Beijing,651
E04335,Parker Allen,Sr. Analyst,Sales,Speciality Products,Male,Caucasian,31,13-08-2018,81828,0,United States,Miami,652
E01019,Dominic Scott,Sr. Analyst,Sales,Corporate,Male,Caucasian,45,16-03-2011,81687,0,United States,Phoenix,653
E01479,Serenity Bailey,IT Systems Architect,IT,Manufacturing,Female,Caucasian,55,21-11-2011,81218,0,United States,Chicago,654
E02939,Julian Fong,Quality Engineer,Engineering,Speciality Products,Male,Asian,61,22-11-2002,80950,0,China,Chongqing,655
E02861,Daniel Perry,Enterprise Architect,IT,Research & Development,Male,Caucasian,62,15-04-2001,80921,0,United States,Columbus,656
E04369,Santiago f Gray,Quality Engineer,Engineering,Corporate,Male,Caucasian,27,11-09-2018,80745,0,United States,Chicago,657
E00467,Sofia Dinh,Operations Engineer,Engineering,Corporate,Female,Asian,55,04-08-1995,80701,0,United States,Chicago,658
E04005,Lincoln Wong,Sr. Analyst,Finance,Corporate,Male,Asian,49,07-06-2019,80700,0,United States,Columbus,659
E00956,Eleanor Chau,Development Engineer,Engineering,Research & Development,Female,Asian,37,08-03-2020,80659,0,United States,Phoenix,660
E04598,Violet Garcia,Sr. Analyst,Marketing,Speciality Products,Female,Latino,35,10-01-2017,80622,0,United States,Austin,661
E02535,Caroline Perez,Controls Engineer,Engineering,Corporate,Female,Latino,29,14-01-2018,80516,0,Brazil,Sao Paulo,662
E03691,Colton Garcia,Solutions Architect,IT,Speciality Products,Male,Latino,55,17-11-1993,80170,0,United States,Miami,663
E04784,Joshua Lin,Technical Architect,IT,Research & Development,Male,Asian,37,05-02-2016,80055,0,China,Beijing,664
E03906,Piper Richardson,Sr. Analyst,Sales,Corporate,Female,Caucasian,38,27-01-2008,80024,0,United States,Columbus,665
E02185,Wyatt Rojas,Computer Systems Manager,IT,Corporate,Male,Latino,32,20-03-2013,79921,0.05,United States,Austin,666
E01291,Thomas Aguilar,Sr. Account Representative,Sales,Speciality Products,Male,Latino,45,10-02-2021,79882,0,United States,Phoenix,667
E04265,Natalia Diaz,Operations Engineer,Engineering,Corporate,Female,Latino,62,12-10-2006,79785,0,United States,Austin,668
E00508,Thomas Jung,Sr. Analyst,Accounting,Research & Development,Male,Asian,50,23-10-2009,79447,0,China,Shanghai,669
E00553,Isla Yoon,Quality Engineer,Engineering,Research & Development,Female,Asian,50,10-05-2013,79388,0,United States,Austin,670
E00178,Harper Alexander,Sr. Analyst,Sales,Speciality Products,Female,Caucasian,26,14-10-2019,79356,0,United States,Phoenix,671
E00371,Melody Grant,Quality Engineer,Engineering,Corporate,Female,Caucasian,41,07-10-2005,79352,0,United States,Seattle,672
E04285,Riley Padilla,Technical Architect,IT,Manufacturing,Female,Latino,35,15-05-2013,78940,0,United States,Miami,673
E03532,Jaxson Santiago,Engineering Manager,Engineering,Research & Development,Male,Latino,56,20-09-2018,78938,0.14,United States,Phoenix,674
E03349,Anna Mehta,Cloud Infrastructure Architect,IT,Speciality Products,Female,Asian,32,05-01-2020,78844,0,United States,Seattle,675
E02185,Aubrey Yoon,Sr. Business Partner,Human Resources,Research & Development,Female,Asian,60,11-11-2005,78388,0,China,Chongqing,676
E04332,Ezra Simmons,Automation Engineer,Engineering,Speciality Products,Male,Caucasian,38,01-07-2010,78237,0,United States,Phoenix,677
E01363,Ayla Daniels,Technical Architect,IT,Corporate,Female,Caucasian,53,23-04-1997,78153,0,United States,Miami,678
E02555,Landon Lopez,Sr. Analyst,Accounting,Manufacturing,Male,Latino,38,05-07-2008,78056,0,Brazil,Sao Paulo,679
E01090,Jacob Cheng,Quality Engineer,Engineering,Research & Development,Male,Asian,59,23-12-2009,78006,0,United States,Miami,680
E01834,Chloe Allen,Solutions Architect,IT,Manufacturing,Female,Caucasian,64,08-07-2004,77903,0,United States,Seattle,681
E04157,William Cao,Sr. Analyst,Marketing,Manufacturing,Male,Asian,63,12-02-2017,77629,0,China,Beijing,682
E01649,Eva Alvarado,Computer Systems Manager,IT,Manufacturing,Female,Latino,46,24-04-2017,77461,0.09,Brazil,Sao Paulo,683
E02856,Amelia Kaur,Operations Engineer,Engineering,Research & Development,Female,Asian,30,14-11-2015,77442,0,United States,Columbus,684
E04927,Ezekiel Bryant,Sr. Analyst,Finance,Manufacturing,Male,Caucasian,55,19-07-2002,77396,0,United States,Miami,685
E03838,Madeline Walker,Sr. Analyst,Finance,Speciality Products,Female,Caucasian,34,13-06-2018,77203,0,United States,Chicago,686
E02192,Lucy Avila,Solutions Architect,IT,Speciality Products,Female,Latino,43,22-04-2010,76912,0,Brazil,Sao Paulo,687
E03689,Wesley Gray,Sr. Analyst,Accounting,Speciality Products,Male,Caucasian,62,22-04-2003,76906,0,United States,Seattle,688
E00145,Alexander Rivera,Sr. Analyst,Sales,Research & Development,Male,Latino,58,27-04-2009,76802,0,Brazil,Manaus,689
E00431,Eliza Hernandez,Network Architect,IT,Corporate,Female,Latino,48,04-07-2019,76588,0,Brazil,Rio de Janerio,690
E01429,Dylan Wilson,Network Administrator,IT,Research & Development,Male,Caucasian,48,27-09-2006,76505,0,United States,Seattle,691
E02966,William Foster,Field Engineer,Engineering,Manufacturing,Male,Caucasian,58,23-05-2002,76354,0,United States,Phoenix,692
E04466,Connor Bell,Network Administrator,IT,Corporate,Male,Black,54,01-04-2000,76352,0,United States,Austin,693
E02877,Mila Allen,Controls Engineer,Engineering,Corporate,Female,Caucasian,56,14-10-2015,76272,0,United States,Miami,694
E01591,Paisley Trinh,Technical Architect,IT,Corporate,Female,Asian,57,04-05-1992,76202,0,United States,Austin,695
E00747,Leilani Baker,Technical Architect,IT,Speciality Products,Female,Caucasian,59,04-04-2010,76027,0,United States,Seattle,696
E00900,Eleanor Delgado,Sr. Analyst,Marketing,Manufacturing,Female,Latino,33,27-04-2014,75869,0,Brazil,Sao Paulo,697
E02258,Eliza Chen,Enterprise Architect,IT,Research & Development,Female,Asian,36,29-04-2016,75862,0,United States,Austin,698
E03717,Joseph Ruiz,Field Engineer,Engineering,Manufacturing,Male,Latino,45,26-02-2002,75819,0,Brazil,Sao Paulo,699
E03595,Christopher Howard,Enterprise Architect,IT,Speciality Products,Male,Caucasian,61,26-08-2019,75780,0,United States,Seattle,700
E00634,Samantha Chavez,Sr. Analyst,Sales,Speciality Products,Female,Latino,53,09-01-2017,75769,0,Brazil,Manaus,701
E01286,Liam Sanders,Sr. Business Partner,Human Resources,Corporate,Male,Caucasian,46,20-02-2007,75579,0,United States,Seattle,702
E00592,Josephine Richardson,System Administrator ,IT,Manufacturing,Female,Caucasian,57,18-02-1996,75354,0,United States,Austin,703
E02121,Levi Brown,Sr. Analyst,Sales,Corporate,Male,Black,36,26-12-2021,75119,0,United States,Chicago,704
E00608,Anna Han,Development Engineer,Engineering,Manufacturing,Female,Asian,29,09-11-2019,75012,0,United States,Chicago,705
E00701,Madeline Garcia,Sr. Business Partner,Human Resources,Speciality Products,Female,Latino,45,26-04-2019,74891,0,Brazil,Rio de Janerio,706
E04535,Charlotte Vo,System Administrator ,IT,Speciality Products,Female,Asian,57,10-01-2014,74854,0,United States,Seattle,707
E02259,Emily Lau,Sr. Analyst,Finance,Manufacturing,Female,Asian,35,18-03-2019,74779,0,United States,Phoenix,708
E04735,Nova Coleman,System Administrator ,IT,Manufacturing,Female,Caucasian,44,13-12-2006,74738,0,United States,Miami,709
E00502,Natalia Salazar,Sr. Analyst,Accounting,Manufacturing,Female,Latino,44,02-01-2019,74691,0,Brazil,Manaus,710
E03988,Dominic Thomas,Analyst II,Marketing,Manufacturing,Male,Caucasian,48,28-09-2005,74655,0,United States,Austin,711
E00555,Christian Ali,Analyst II,Marketing,Research & Development,Male,Asian,65,17-10-2001,74631,0,China,Chongqing,712
E04449,Miles Hsu,Analyst II,Finance,Research & Development,Male,Asian,55,16-03-2014,74552,0,China,Chengdu,713
E02875,Madeline Shin,Computer Systems Manager,IT,Speciality Products,Female,Asian,48,09-01-2007,74546,0.09,United States,Seattle,714
E01339,Jeremiah Hernandez,Network Engineer,IT,Manufacturing,Male,Latino,26,14-04-2019,74467,0,United States,Columbus,715
E04136,Mason Cao,Analyst II,Finance,Corporate,Male,Asian,52,14-09-2017,74449,0,China,Beijing,716
E01091,Carter Reed,Development Engineer,Engineering,Manufacturing,Male,Black,40,07-07-2005,74412,0,United States,Seattle,717
E01711,Benjamin Ford,Analyst II,Finance,Speciality Products,Male,Caucasian,31,22-04-2021,74215,0,United States,Phoenix,718
E03149,Layla Collins,IT Systems Architect,IT,Speciality Products,Female,Caucasian,26,11-03-2021,74170,0,United States,Austin,719
E04477,Connor Grant,Sr. Analyst,Accounting,Speciality Products,Male,Caucasian,27,13-10-2021,74077,0,United States,Seattle,720
E00538,Caleb Xiong,Sr. Account Representative,Sales,Corporate,Male,Asian,38,28-11-2011,74010,0,United States,Chicago,721
E01103,Lyla Alvarez,IT Systems Architect,IT,Research & Development,Female,Latino,55,30-08-1994,73955,0,United States,Phoenix,722
E02313,Jeremiah Lu,Network Architect,IT,Manufacturing,Male,Asian,50,06-03-2001,73907,0,China,Shanghai,723
E02428,Connor Luu,Computer Systems Manager,IT,Speciality Products,Male,Asian,35,03-05-2016,73899,0.05,China,Chengdu,724
E02744,Dylan Padilla,HRIS Analyst,Human Resources,Manufacturing,Male,Latino,31,09-12-2015,73854,0,United States,Seattle,725
E02492,Sebastian Gupta,Sr. Analyst,Marketing,Corporate,Male,Asian,40,22-09-2014,73779,0,China,Chongqing,726
E00813,Autumn Joseph,Enterprise Architect,IT,Corporate,Female,Black,39,09-05-2018,73317,0,United States,Miami,727
E01499,Liam Jordan,Computer Systems Manager,IT,Manufacturing,Male,Caucasian,28,08-08-2020,73255,0.09,United States,Phoenix,728
E04222,Quinn Xiong,Test Engineer,Engineering,Research & Development,Female,Asian,55,08-09-2013,73248,0,United States,Columbus,729
E02613,John Jung,Sr. Analyst,Sales,Speciality Products,Male,Asian,63,12-03-2018,73200,0,China,Shanghai,730
E03560,Ayla Ng,Account Representative,Sales,Manufacturing,Female,Asian,46,20-03-2004,73004,0,China,Beijing,731
E00667,Skylar Shah,Field Engineer,Engineering,Manufacturing,Female,Asian,42,27-04-2012,72903,0,United States,Phoenix,732
E03090,Penelope Choi,Technical Architect,IT,Speciality Products,Female,Asian,49,10-09-2010,72826,0,China,Beijing,733
E01268,Charlotte Wu,Sr. Business Partner,Human Resources,Manufacturing,Female,Asian,63,02-05-2007,72805,0,China,Shanghai,734
E04925,Athena Jordan,System Administrator ,IT,Manufacturing,Female,Black,42,19-02-2011,72486,0,United States,Seattle,735
E03273,Daniel Shah,Analyst II,Sales,Research & Development,Male,Asian,41,04-06-2010,72425,0,China,Beijing,736
E03170,Autumn Thao,Account Representative,Sales,Manufacturing,Female,Asian,63,26-09-2017,72340,0,United States,Phoenix,737
E04224,Lucas Ramos,Sr. Business Partner,Human Resources,Speciality Products,Male,Latino,56,21-01-1998,72303,0,United States,Phoenix,738
E00078,Eva Garcia,HRIS Analyst,Human Resources,Corporate,Female,Latino,31,11-04-2021,72235,0,Brazil,Manaus,739
E04853,Vivian Chu,Sr. Account Representative,Sales,Research & Development,Female,Asian,46,17-01-2021,72131,0,China,Shanghai,740
E03805,Autumn Gonzales,Analyst II,Sales,Corporate,Female,Latino,34,06-06-2012,72126,0,Brazil,Manaus,741
E00126,Isabella Scott,Network Administrator,IT,Research & Development,Female,Caucasian,58,26-04-2016,72045,0,United States,Phoenix,742
E00527,Mateo Chu,Field Engineer,Engineering,Speciality Products,Male,Asian,27,16-04-2020,71864,0,China,Chengdu,743
E02103,Andrew Ma,HRIS Analyst,Human Resources,Corporate,Male,Asian,31,24-09-2017,71755,0,China,Chongqing,744
E04379,Scarlett Rodriguez,Sr. Analyst,Finance,Manufacturing,Female,Latino,60,24-02-2007,71699,0,Brazil,Manaus,745
E03824,Jameson Martin,Technical Architect,IT,Corporate,Male,Caucasian,37,15-02-2008,71695,0,United States,Phoenix,746
E01413,Caroline Nelson,Sr. Account Representative,Sales,Speciality Products,Female,Black,60,30-07-1997,71677,0,United States,Columbus,747
E00417,Athena Carrillo,Analyst II,Finance,Speciality Products,Female,Latino,39,06-04-2006,71531,0,United States,Columbus,748
E03720,Dominic Clark,Quality Engineer,Engineering,Research & Development,Male,Caucasian,52,17-10-2012,71476,0,United States,Phoenix,749
E03465,Harper Phan,Analyst II,Finance,Manufacturing,Female,Asian,45,07-12-2016,71454,0,China,Shanghai,750
E04288,Ella White,Development Engineer,Engineering,Manufacturing,Female,Caucasian,25,20-01-2020,71359,0,United States,Phoenix,751
E01898,Oliver Moua,IT Systems Architect,IT,Corporate,Male,Asian,29,28-06-2021,71234,0,United States,Seattle,752
E04378,Ezra Simmons,Network Administrator,IT,Manufacturing,Male,Black,31,07-05-2016,71192,0,United States,Austin,753
E02190,Gabriel Carter,Test Engineer,Engineering,Manufacturing,Male,Caucasian,57,18-07-2018,71167,0,United States,Columbus,754
E02047,Xavier Perez,Sr. Analyst,Sales,Manufacturing,Male,Latino,51,26-02-1998,71111,0,Brazil,Rio de Janerio,755
E01631,Leilani Yee,Sr. Analyst,Marketing,Speciality Products,Female,Asian,47,12-07-2017,70996,0,China,Chengdu,756
E00170,Hannah Nelson,Sr. Analyst,Marketing,Speciality Products,Female,Caucasian,35,07-09-2019,70992,0,United States,Austin,757
E02063,Ian Gutierrez,Sr. Business Partner,Human Resources,Research & Development,Male,Latino,32,09-04-2021,70980,0,Brazil,Rio de Janerio,758
E00245,Benjamin Delgado,Test Engineer,Engineering,Corporate,Male,Latino,64,28-09-1992,70778,0,United States,Austin,759
E03018,Autumn Reed,Development Engineer,Engineering,Corporate,Female,Caucasian,37,17-09-2017,70770,0,United States,Miami,760
E00386,Parker James,Quality Engineer,Engineering,Speciality Products,Male,Black,45,05-02-2005,70505,0,United States,Austin,761
E02072,Charles Robinson,HRIS Analyst,Human Resources,Speciality Products,Male,Caucasian,26,12-03-2021,70369,0,United States,Seattle,762
E00319,Ezra Wilson,Service Desk Analyst,IT,Manufacturing,Male,Caucasian,55,18-10-2013,70334,0,United States,Miami,763
E02378,Audrey Smith,Field Engineer,Engineering,Research & Development,Female,Caucasian,58,27-10-1995,70189,0,United States,Columbus,764
E00825,Anna Molina,Sr. Analyst,Accounting,Corporate,Female,Latino,41,12-06-2016,70165,0,United States,Columbus,765
E01724,Nolan Molina,Computer Systems Manager,IT,Corporate,Male,Latino,36,27-12-2020,70165,0.07,Brazil,Manaus,765
E01132,Aiden Bryant,Account Representative,Sales,Manufacturing,Male,Black,47,21-10-2002,70122,0,United States,Columbus,767
E01820,Nathan Miller,Quality Engineer,Engineering,Speciality Products,Male,Black,27,28-05-2019,70110,0,United States,Miami,768
E03440,Genesis Navarro,Cloud Infrastructure Architect,IT,Corporate,Female,Latino,41,28-04-2009,69803,0,Brazil,Manaus,769
E02642,Sebastian Rogers,HRIS Analyst,Human Resources,Research & Development,Male,Caucasian,38,29-11-2019,69647,0,United States,Miami,770
E04811,Athena Vasquez,Field Engineer,Engineering,Speciality Products,Female,Latino,59,16-09-2014,69578,0,Brazil,Rio de Janerio,771
E04877,Samuel Vega,Analyst II,Marketing,Speciality Products,Male,Latino,37,30-03-2013,69570,0,United States,Miami,772
E02283,Jaxon Park,Network Architect,IT,Manufacturing,Male,Asian,33,24-07-2020,69453,0,China,Chengdu,773
E03370,Ian Cortez,Analyst II,Marketing,Research & Development,Male,Latino,61,30-04-2008,69352,0,Brazil,Rio de Janerio,774
E00869,Nova Lin,Cloud Infrastructure Architect,IT,Manufacturing,Female,Asian,33,21-10-2017,69332,0,United States,Columbus,775
E00523,Daniel Jordan,Network Administrator,IT,Corporate,Male,Caucasian,58,26-07-1993,69260,0,United States,Phoenix,776
E04174,Maverick Henry,Computer Systems Manager,IT,Research & Development,Male,Caucasian,26,10-07-2019,69110,0.05,United States,Chicago,777
E00870,Evelyn Liang,Service Desk Analyst,IT,Speciality Products,Female,Asian,40,26-06-2013,69096,0,United States,Seattle,778
E04732,Benjamin Ramirez,Network Engineer,IT,Research & Development,Male,Latino,48,27-07-2005,68987,0,United States,Chicago,779
E00824,Everleigh Adams,Analyst II,Marketing,Manufacturing,Female,Caucasian,33,14-03-2020,68846,0,United States,Chicago,780
E02977,Nicholas Song,Analyst II,Marketing,Manufacturing,Male,Asian,52,23-05-1999,68807,0,China,Chengdu,781
E00415,Leilani Butler,Analyst II,Marketing,Manufacturing,Female,Black,27,21-09-2021,68728,0,United States,Phoenix,782
E00422,Jade Acosta,Development Engineer,Engineering,Research & Development,Female,Latino,47,29-08-2015,68488,0,United States,Seattle,783
E03354,Silas Estrada,IT Systems Architect,IT,Corporate,Male,Latino,49,24-06-2016,68426,0,Brazil,Rio de Janerio,784
E00555,Sofia Trinh,Network Architect,IT,Speciality Products,Female,Asian,45,18-12-2006,68337,0,China,Chongqing,785
E00521,Lily Carter,Network Architect,IT,Research & Development,Female,Caucasian,54,18-05-1998,68268,0,United States,Phoenix,786
E03540,Emma Perry,Solutions Architect,IT,Manufacturing,Female,Caucasian,28,22-01-2018,68176,0,United States,Seattle,787
E03981,Eliana Li,Test Engineer,Engineering,Research & Development,Female,Asian,63,07-05-2018,67987,0,United States,Miami,788
E03255,Jose Brown,System Administrator ,IT,Speciality Products,Male,Caucasian,43,07-04-2016,67976,0,United States,Seattle,789
E00443,Nolan Bui,Computer Systems Manager,IT,Research & Development,Male,Asian,28,26-05-2020,67925,0.08,China,Shanghai,790
E01985,Eliana Turner,Account Representative,Sales,Research & Development,Female,Black,65,29-09-2000,67837,0,United States,Austin,791
E01416,Hudson Thompson,Analyst II,Accounting,Manufacturing,Male,Black,30,20-10-2020,67753,0,United States,Phoenix,792
E01941,Quinn Trinh,Analyst II,Sales,Corporate,Female,Asian,42,09-05-2010,67743,0,China,Beijing,793
E02094,Matthew Gupta,Network Engineer,IT,Speciality Products,Male,Asian,45,18-09-2005,67686,0,China,Beijing,794
E03058,Robert Wright,Technical Architect,IT,Manufacturing,Male,Caucasian,30,14-06-2015,67489,0,United States,Chicago,795
E04079,Christopher Butler,Network Architect,IT,Manufacturing,Male,Caucasian,41,05-10-2017,67468,0,United States,Miami,796
E03807,Kennedy Do,Computer Systems Manager,IT,Manufacturing,Female,Asian,42,15-10-2005,67398,0.07,United States,Phoenix,797
E01281,Isaac Mitchell,Network Architect,IT,Speciality Products,Male,Black,46,10-06-2005,67374,0,United States,Austin,798
E03637,Landon Thao,HRIS Analyst,Human Resources,Speciality Products,Male,Asian,25,21-01-2021,67299,0,United States,Phoenix,799
E02696,Ryan Lu,Development Engineer,Engineering,Speciality Products,Male,Asian,25,08-07-2021,67275,0,United States,Columbus,800
E03064,Lincoln Fong,Analyst II,Sales,Speciality Products,Male,Asian,31,17-02-2020,67171,0,China,Chongqing,801
E04128,Jacob Doan,Analyst II,Sales,Speciality Products,Male,Asian,55,02-08-2021,67130,0,United States,Miami,802
E01684,Jaxson Liang,Field Engineer,Engineering,Manufacturing,Male,Asian,64,03-03-2019,67114,0,United States,Phoenix,803
E00929,Allison Espinoza,Solutions Architect,IT,Speciality Products,Female,Latino,45,16-04-2020,66958,0,United States,Miami,804
E04207,John Contreras,Analyst II,Marketing,Manufacturing,Male,Latino,35,15-05-2011,66889,0,United States,Columbus,805
E02216,Caleb Marquez,IT Systems Architect,IT,Research & Development,Male,Latino,29,15-10-2019,66819,0,Brazil,Rio de Janerio,806
E03278,Nevaeh James,Solutions Architect,IT,Speciality Products,Female,Caucasian,45,03-11-2017,66660,0,United States,Austin,807
E02917,Everett Morales,Solutions Architect,IT,Speciality Products,Male,Latino,57,10-07-2014,66649,0,Brazil,Rio de Janerio,808
E01994,Angel Powell,Analyst II,Sales,Research & Development,Male,Caucasian,61,11-07-2008,66521,0,United States,Seattle,809
E03648,Vivian Hunter,Account Representative,Sales,Corporate,Female,Black,26,21-08-2019,66084,0,United States,Seattle,810
E01496,Ava Ortiz,Enterprise Architect,IT,Manufacturing,Female,Latino,53,20-07-2004,65702,0,United States,Columbus,811
E04308,Kai Flores,Development Engineer,Engineering,Manufacturing,Male,Latino,35,23-05-2017,65566,0,United States,Seattle,812
E03404,Everleigh Nunez,Field Engineer,Engineering,Speciality Products,Female,Latino,42,05-02-2021,65507,0,Brazil,Manaus,813
E03881,Andrew Reed,System Administrator ,IT,Corporate,Male,Black,28,17-06-2019,65341,0,United States,Miami,814
E04699,Ivy Tang,Development Engineer,Engineering,Speciality Products,Female,Asian,48,03-05-2012,65340,0,China,Shanghai,815
E02189,Isla Chavez,Account Representative,Sales,Research & Development,Female,Latino,29,19-05-2018,65334,0,Brazil,Rio de Janerio,816
E02276,Hazel Griffin,Field Engineer,Engineering,Corporate,Female,Caucasian,32,09-11-2015,65247,0,United States,Phoenix,817
E00725,Nova Herrera,Account Representative,Sales,Speciality Products,Female,Latino,45,10-05-2014,65047,0,Brazil,Sao Paulo,818
E03362,Lily Henderson,HRIS Analyst,Human Resources,Manufacturing,Female,Caucasian,61,20-05-2011,64937,0,United States,Phoenix,819
E00935,Joseph Martin,Analyst II,Marketing,Corporate,Male,Black,41,13-09-2016,64847,0,United States,Miami,820
E04529,Gabriel Yu,Technical Architect,IT,Speciality Products,Male,Asian,42,23-06-2014,64677,0,China,Chongqing,821
E00022,Elena Her,Account Representative,Sales,Manufacturing,Female,Asian,62,17-09-2006,64669,0,China,Chongqing,822
E04978,Peyton Harris,Enterprise Architect,IT,Research & Development,Female,Caucasian,45,05-04-2009,64505,0,United States,Miami,823
E00501,Melody Ho,Analyst II,Finance,Research & Development,Female,Asian,55,02-12-2007,64494,0,United States,Columbus,824
E00816,Skylar Watson,Network Architect,IT,Speciality Products,Female,Caucasian,28,08-10-2021,64475,0,United States,Phoenix,825
E04697,Eleanor Williams,Enterprise Architect,IT,Speciality Products,Female,Caucasian,61,09-02-2005,64462,0,United States,Chicago,826
E02333,Jaxson Wright,Service Desk Analyst,IT,Manufacturing,Male,Black,54,28-12-2010,64417,0,United States,Columbus,827
E01075,Joshua Juarez,Analyst II,Finance,Manufacturing,Male,Latino,46,05-05-2015,64364,0,Brazil,Sao Paulo,828
E02649,Charles Gonzalez,Quality Engineer,Engineering,Research & Development,Male,Latino,27,28-09-2018,64247,0,Brazil,Rio de Janerio,829
E00749,Valentina Moua,Account Representative,Sales,Manufacturing,Female,Asian,37,10-11-2015,64204,0,United States,Columbus,830
E00282,Jeremiah Castillo,Analyst II,Accounting,Research & Development,Male,Latino,58,12-04-2006,64202,0,United States,Columbus,831
E01378,Genesis Xiong,System Administrator ,IT,Research & Development,Female,Asian,51,25-02-2012,64170,0,United States,Columbus,832
E04917,Everleigh Washington,HRIS Analyst,Human Resources,Research & Development,Female,Caucasian,64,20-10-2001,64057,0,United States,Phoenix,833
E04972,Sophie Oh,Network Engineer,IT,Corporate,Female,Asian,29,09-11-2017,63985,0,United States,Miami,834
E00465,Dominic Parker,Test Engineer,Engineering,Research & Development,Male,Caucasian,62,04-10-2011,63959,0,United States,Seattle,835
E03419,Jade Yi,Account Representative,Sales,Speciality Products,Female,Asian,47,10-07-2015,63880,0,China,Chongqing,836
E01524,Ian Miller,Computer Systems Manager,IT,Corporate,Male,Black,31,13-10-2016,63744,0.08,United States,Austin,837
E00647,Emily Gupta,HRIS Analyst,Human Resources,Corporate,Female,Asian,44,23-02-2006,63705,0,United States,Miami,838
E01927,Charles Moore,Technical Architect,IT,Manufacturing,Male,Black,34,16-02-2016,63411,0,United States,Miami,839
E00981,Miles Thao,System Administrator ,IT,Corporate,Male,Asian,57,26-06-2003,63318,0,United States,Columbus,840
E02440,Grayson Turner,Solutions Architect,IT,Corporate,Male,Caucasian,54,30-06-1992,63196,0,United States,Chicago,841
E02769,Eliza Adams,Account Representative,Sales,Manufacturing,Female,Caucasian,26,21-11-2021,63137,0,United States,Chicago,842
E01807,Cameron Evans,Test Engineer,Engineering,Corporate,Male,Caucasian,50,13-12-2018,63098,0,United States,Columbus,843
E02684,Aaron Maldonado,Analyst II,Finance,Manufacturing,Male,Latino,39,17-09-2008,62861,0,United States,Seattle,844
E02627,Parker Avila,Analyst II,Marketing,Manufacturing,Male,Latino,47,28-11-2005,62749,0,Brazil,Manaus,845
E00153,Claire Jones,Field Engineer,Engineering,Corporate,Female,Caucasian,39,12-03-2019,62644,0,United States,Seattle,846
E00952,Jaxon Powell,Field Engineer,Engineering,Research & Development,Male,Caucasian,59,29-03-1996,62605,0,United States,Austin,847
E04959,Noah King,Development Engineer,Engineering,Speciality Products,Male,Black,56,27-01-2015,62575,0,United States,Miami,848
E03863,Madeline Watson,Account Representative,Sales,Research & Development,Female,Black,40,27-05-2009,62411,0,United States,Miami,849
E00035,Lillian Gonzales,Cloud Infrastructure Architect,IT,Manufacturing,Female,Latino,43,13-03-2009,62335,0,Brazil,Manaus,850
E03181,Greyson Dang,Development Engineer,Engineering,Manufacturing,Male,Asian,60,11-05-2009,62239,0,China,Beijing,851
E03685,Silas Hunter,Solutions Architect,IT,Corporate,Male,Black,55,04-05-1998,62174,0,United States,Chicago,852
E01125,Joshua Yang,Network Engineer,IT,Manufacturing,Male,Asian,34,10-11-2018,61944,0,China,Shanghai,853
E01525,Charlotte Ruiz,Computer Systems Manager,IT,Manufacturing,Female,Latino,32,02-10-2017,61886,0.09,Brazil,Rio de Janerio,854
E01194,Samantha Adams,Test Engineer,Engineering,Research & Development,Female,Caucasian,45,22-04-2013,61773,0,United States,Seattle,855
E03902,Madison Hunter,Network Administrator,IT,Corporate,Female,Caucasian,40,05-02-2012,61523,0,United States,Columbus,856
E03750,Jordan Cho,Analyst II,Accounting,Speciality Products,Male,Asian,28,24-08-2018,61410,0,United States,Phoenix,857
E02274,Isabella Bailey,Network Administrator,IT,Manufacturing,Female,Caucasian,36,23-08-2010,61310,0,United States,Phoenix,858
E01221,Eva Figueroa,Analyst II,Sales,Research & Development,Female,Latino,48,14-05-2014,61216,0,United States,Seattle,859
E01194,Ella Jenkins,Analyst II,Finance,Speciality Products,Female,Caucasian,52,20-12-2019,61026,0,United States,Phoenix,860
E00836,Addison Roberts,Network Architect,IT,Manufacturing,Female,Caucasian,65,14-05-2018,60985,0,United States,Seattle,861
E00994,Charlotte Baker,Analyst II,Sales,Manufacturing,Female,Caucasian,29,17-11-2016,60930,0,United States,Austin,862
E03347,Rylee Dinh,Development Engineer,Engineering,Speciality Products,Female,Asian,35,10-02-2017,60132,0,China,Chongqing,863
E03980,Lydia Huynh,Account Representative,Sales,Speciality Products,Female,Asian,45,16-08-2000,60113,0,United States,Chicago,864
E01263,Adam Espinoza,Test Engineer,Engineering,Manufacturing,Male,Latino,36,09-04-2009,60055,0,United States,Seattle,865
E04484,Vivian Thao,Quality Engineer,Engineering,Research & Development,Female,Asian,45,23-04-2015,60017,0,United States,Chicago,866
E04112,Axel Chu,Systems Analyst,IT,Research & Development,Male,Asian,43,04-05-2018,59888,0,China,Beijing,867
E03262,Logan Mitchell,Analyst II,Marketing,Manufacturing,Male,Caucasian,65,20-08-2005,59833,0,United States,Columbus,868
E00972,Amelia Salazar,Analyst II,Finance,Corporate,Female,Latino,26,23-04-2019,59817,0,Brazil,Sao Paulo,869
E00758,Jonathan Khan,Account Representative,Sales,Manufacturing,Male,Asian,35,30-08-2013,59646,0,China,Shanghai,870
E00788,Emily Contreras,Analyst II,Sales,Manufacturing,Female,Latino,56,15-06-1992,59591,0,Brazil,Sao Paulo,871
E03549,Mateo Vu,Account Representative,Sales,Speciality Products,Male,Asian,30,29-09-2016,59100,0,China,Chongqing,872
E01848,Zoey Jackson,Business Partner,Human Resources,Manufacturing,Female,Black,46,21-08-2008,59067,0,United States,Miami,873
E03578,Maverick Li,Analyst II,Sales,Research & Development,Male,Asian,34,10-03-2018,58993,0,United States,Austin,874
E01396,Jack Vu,Analyst II,Accounting,Research & Development,Male,Asian,43,10-02-2014,58875,0,China,Chengdu,875
E04018,Emery Ford,Analyst II,Marketing,Corporate,Female,Caucasian,39,18-04-2017,58745,0,United States,Austin,876
E01749,Nathan Lee,Analyst,Accounting,Manufacturing,Male,Asian,29,20-08-2016,58703,0,United States,Columbus,877
E04221,Roman King,Analyst II,Finance,Corporate,Male,Caucasian,60,16-08-2007,58671,0,United States,Columbus,878
E00834,Vivian Guzman,Analyst II,Finance,Speciality Products,Female,Latino,53,09-02-2002,58605,0,United States,Phoenix,879
E00577,Nora Nunez,Analyst II,Finance,Research & Development,Female,Latino,45,06-08-2012,58586,0,Brazil,Sao Paulo,880
E03007,Isaac Joseph,Analyst,Sales,Manufacturing,Male,Caucasian,54,24-09-1998,58006,0,United States,Seattle,881
E04590,Isaac Sanders,HRIS Analyst,Human Resources,Manufacturing,Male,Caucasian,49,29-03-2001,57606,0,United States,Miami,882
E00412,Ezra Banks,Analyst II,Sales,Research & Development,Male,Caucasian,37,23-04-2010,57531,0,United States,Chicago,883
E04444,Brooklyn Ruiz,IT Coordinator,IT,Manufacturing,Female,Latino,61,10-08-2014,57446,0,United States,Phoenix,884
E04131,Ruby Choi,Analyst,Accounting,Manufacturing,Female,Asian,40,06-12-2018,57225,0,United States,Columbus,885
E04938,Brooklyn Daniels,Analyst,Marketing,Speciality Products,Female,Caucasian,64,10-02-2003,57032,0,United States,Miami,886
E00254,Samuel Morales,Analyst II,Finance,Corporate,Male,Latino,34,27-06-2015,57008,0,United States,Phoenix,887
E00646,Charles Moore,Analyst,Accounting,Speciality Products,Male,Caucasian,49,17-12-2011,56878,0,United States,Seattle,888
E04739,Ruby Washington,Analyst,Marketing,Research & Development,Female,Black,65,17-06-2011,56686,0,United States,Seattle,889
E02968,Caroline Santos,Analyst II,Finance,Research & Development,Female,Latino,25,12-07-2020,56565,0,Brazil,Sao Paulo,890
E01089,Nicholas Brooks,Analyst II,Accounting,Manufacturing,Male,Caucasian,43,20-10-2017,56555,0,United States,Phoenix,891
E03000,Hailey Hong,Account Representative,Sales,Research & Development,Female,Asian,33,22-01-2021,56405,0,United States,Chicago,892
E00184,Kayden Ortega,Analyst,Accounting,Manufacturing,Male,Latino,58,19-04-2010,56350,0,Brazil,Rio de Janerio,893
E04636,Hailey Yee,Account Representative,Sales,Research & Development,Female,Asian,54,16-03-2021,56239,0,China,Chongqing,894
E03520,Nolan Pena,Analyst,Marketing,Manufacturing,Male,Latino,30,21-06-2018,56154,0,Brazil,Sao Paulo,895
E04600,William Vu,Account Representative,Sales,Speciality Products,Male,Asian,37,14-11-2013,56037,0,China,Shanghai,896
E01844,Jayden Kang,Analyst,Finance,Research & Development,Male,Asian,46,24-04-2011,55894,0,United States,Seattle,897
E00013,Elena Vang,Analyst,Finance,Corporate,Female,Asian,52,19-02-2019,55859,0,China,Beijing,898
E04562,Xavier Zheng,Account Representative,Sales,Manufacturing,Male,Asian,31,22-07-2017,55854,0,United States,Austin,899
E02153,Peyton Vasquez,Analyst,Accounting,Corporate,Female,Latino,26,24-01-2019,55767,0,United States,Phoenix,900
E00091,Emilia Chu,Analyst II,Finance,Manufacturing,Female,Asian,48,24-06-2003,55760,0,United States,Austin,901
E00650,Emery Chang,Business Partner,Human Resources,Research & Development,Female,Asian,45,17-08-2000,55563,0,China,Chengdu,902
E04150,Natalia Vu,Analyst,Accounting,Research & Development,Female,Asian,54,29-12-2006,55518,0,United States,Columbus,903
E00402,Dominic Guzman,Analyst,Finance,Manufacturing,Male,Latino,65,16-05-2004,55499,0,Brazil,Manaus,904
E04887,Emery Do,Account Representative,Sales,Research & Development,Female,Asian,40,16-03-2018,55457,0,United States,Columbus,905
E00116,Madelyn Mehta,Analyst,Sales,Speciality Products,Female,Asian,64,28-01-2005,55369,0,United States,Phoenix,906
E02833,Adrian Fernandez,Systems Analyst,IT,Research & Development,Male,Latino,45,23-08-2001,54994,0,United States,Columbus,907
E03880,Samantha Woods,Analyst,Accounting,Speciality Products,Female,Caucasian,56,25-12-2019,54829,0,United States,Phoenix,908
E02594,Ezekiel Kumar,IT Coordinator,IT,Research & Development,Male,Asian,28,25-06-2017,54775,0,United States,Columbus,909
E00826,Rylee Bui,Analyst,Accounting,Corporate,Female,Asian,55,22-12-2011,54733,0,China,Chongqing,910
E00399,Connor Walker,Analyst II,Finance,Manufacturing,Male,Caucasian,30,18-03-2019,54714,0,United States,Columbus,911
E00459,Jackson Jordan,Business Partner,Human Resources,Research & Development,Male,Black,48,21-09-2020,54654,0,United States,Phoenix,912
E02295,Axel Jordan,Analyst,Sales,Corporate,Male,Caucasian,47,28-02-2013,54635,0,United States,Chicago,913
E00436,Everly Walker,HRIS Analyst,Human Resources,Speciality Products,Female,Caucasian,41,23-10-2009,54415,0,United States,Seattle,914
E03045,Andrew Huynh,Business Partner,Human Resources,Speciality Products,Male,Asian,57,28-04-1997,54051,0,United States,Miami,915
E03694,Eli Reed,Systems Analyst,IT,Corporate,Male,Caucasian,51,27-02-2014,53929,0,United States,Miami,916
E03042,Ava Nelson,Systems Analyst,IT,Manufacturing,Female,Caucasian,63,01-04-1992,53809,0,United States,Phoenix,917
E03864,Ella Hunter,Analyst,Finance,Manufacturing,Female,Caucasian,51,18-01-2017,53799,0,United States,Columbus,918
E01714,Savannah Park,HRIS Analyst,Human Resources,Manufacturing,Female,Asian,44,28-01-2009,53301,0,United States,Seattle,919
E01540,Miles Salazar,IT Coordinator,IT,Manufacturing,Male,Latino,36,23-12-2010,53215,0,Brazil,Sao Paulo,920
E00311,Scarlett Figueroa,Business Partner,Human Resources,Speciality Products,Female,Latino,34,21-10-2016,52811,0,United States,Miami,921
E00340,Eliana Allen,Business Partner,Human Resources,Research & Development,Female,Caucasian,56,20-08-2009,52800,0,United States,Phoenix,922
E03166,Austin Edwards,IT Coordinator,IT,Manufacturing,Male,Black,42,24-09-2006,52733,0,United States,Chicago,923
E01947,Sophie Owens,Analyst II,Finance,Research & Development,Female,Caucasian,30,05-03-2015,52697,0,United States,Seattle,924
E02221,Julian Delgado,Systems Analyst,IT,Speciality Products,Male,Latino,29,19-05-2016,52693,0,Brazil,Rio de Janerio,925
E03611,Alice Mehta,Analyst II,Sales,Research & Development,Female,Asian,45,02-04-2019,52621,0,China,Beijing,926
E01261,Connor Simmons,Analyst II,Accounting,Speciality Products,Male,Caucasian,55,05-04-2007,52310,0,United States,Miami,927
E04358,Grayson Soto,Business Partner,Human Resources,Manufacturing,Male,Latino,34,03-08-2015,52200,0,United States,Columbus,928
E03547,Owen Han,Analyst,Accounting,Corporate,Male,Asian,28,12-05-2017,52069,0,China,Chongqing,929
E03097,Brooks Stewart,HRIS Analyst,Human Resources,Manufacturing,Male,Black,45,19-12-2015,51983,0,United States,Columbus,930
E04277,Zoe Do,Analyst II,Sales,Speciality Products,Female,Asian,60,08-01-2014,51877,0,China,Beijing,931
E01687,Luke Mai,HRIS Analyst,Human Resources,Research & Development,Male,Asian,41,24-10-2007,51630,0,China,Beijing,932
E04472,Alexander Foster,Analyst II,Marketing,Manufacturing,Male,Black,35,03-07-2020,51513,0,United States,Columbus,933
E00717,Kennedy Vargas,Business Partner,Human Resources,Manufacturing,Female,Latino,45,14-10-2005,51404,0,Brazil,Manaus,934
E03580,Maverick Medina,Analyst II,Sales,Manufacturing,Male,Latino,39,27-05-2007,51234,0,United States,Seattle,935
E00644,Joshua Gupta,Account Representative,Sales,Corporate,Male,Asian,57,24-01-2017,50994,0,China,Chongqing,936
E03305,Cooper Jiang,Analyst II,Accounting,Corporate,Male,Asian,49,25-07-2019,50883,0,China,Chongqing,937
E02632,Alice Soto,Analyst,Accounting,Corporate,Female,Latino,56,13-04-1995,50857,0,Brazil,Manaus,938
E03325,Robert Edwards,HRIS Analyst,Human Resources,Corporate,Male,Caucasian,62,11-10-2004,50825,0,United States,Seattle,939
E02337,Emma Cao,Analyst,Accounting,Corporate,Female,Asian,27,24-08-2019,50809,0,China,Chongqing,940
E02803,Eli Soto,Analyst,Marketing,Speciality Products,Male,Latino,38,02-05-2016,50784,0,Brazil,Rio de Janerio,941
E01052,Parker Vang,Analyst,Sales,Corporate,Male,Asian,40,17-12-2016,50733,0,United States,Miami,942
E02628,Nora Nelson,Analyst II,Finance,Manufacturing,Female,Caucasian,41,09-01-2007,50685,0,United States,Columbus,943
E00972,Hazel Cortez,HRIS Analyst,Human Resources,Research & Development,Female,Latino,52,18-04-2021,50548,0,Brazil,Sao Paulo,944
E00941,Sophie Ali,Analyst,Finance,Manufacturing,Female,Asian,55,28-03-2002,50475,0,United States,Columbus,945
E03300,Maria Chin,Analyst,Marketing,Manufacturing,Female,Asian,65,26-09-2013,50341,0,China,Beijing,946
E04567,Madeline Hoang,Systems Analyst,IT,Research & Development,Female,Asian,28,25-10-2019,50111,0,China,Chengdu,947
E01351,Leo Owens,Systems Analyst,IT,Corporate,Male,Caucasian,47,23-04-2020,50069,0,United States,Seattle,948
E00671,Leonardo Dixon,Analyst,Sales,Speciality Products,Male,Caucasian,37,05-09-2019,49998,0,United States,Seattle,949
E01638,Elizabeth Huang,Analyst,Finance,Speciality Products,Female,Asian,62,20-09-2002,49738,0,China,Beijing,950
E00671,Miles Cho,Systems Analyst,IT,Speciality Products,Male,Asian,47,10-03-1999,49404,0,China,Beijing,951
E03223,Ethan Joseph,IT Coordinator,IT,Research & Development,Male,Caucasian,45,28-05-2018,49219,0,United States,Columbus,952
E04386,Cameron Powell,Business Partner,Human Resources,Manufacturing,Male,Black,41,20-08-2004,49186,0,United States,Austin,953
E03247,Caroline Jenkins,Analyst,Finance,Research & Development,Female,Caucasian,27,06-05-2018,49011,0,United States,Chicago,954
E03824,Penelope Coleman,Analyst,Finance,Corporate,Female,Black,36,27-08-2021,48906,0,United States,Miami,955
E03227,Eli Richardson,IT Coordinator,IT,Speciality Products,Male,Caucasian,38,19-04-2015,48762,0,United States,Seattle,956
E02062,Nora Santiago,Analyst,Accounting,Research & Development,Female,Latino,55,26-06-1996,48687,0,Brazil,Rio de Janerio,957
E03571,Lincoln Henderson,Business Partner,Human Resources,Speciality Products,Male,Caucasian,28,27-06-2021,48510,0,United States,Chicago,958
E04041,Clara Huynh,IT Coordinator,IT,Speciality Products,Female,Asian,39,18-11-2020,48415,0,China,Shanghai,959
E01516,Willow Mai,Business Partner,Human Resources,Manufacturing,Female,Asian,45,17-12-2003,48345,0,China,Chengdu,960
E03849,Evelyn Jung,Analyst,Sales,Research & Development,Female,Asian,30,14-02-2021,48340,0,China,Beijing,961
E01639,Everleigh Simmons,Analyst,Finance,Manufacturing,Female,Caucasian,55,16-04-2021,48266,0,United States,Chicago,962
E00951,Everly Lin,Business Partner,Human Resources,Manufacturing,Female,Asian,25,15-03-2021,47974,0,China,Chongqing,963
E00480,Hadley Yee,Business Partner,Human Resources,Speciality Products,Female,Asian,31,12-03-2018,47913,0,United States,Seattle,964
E01909,Lillian Khan,Analyst,Finance,Speciality Products,Female,Asian,44,31-05-2010,47387,0,China,Chengdu,965
E02044,Caroline Alexander,Business Partner,Human Resources,Manufacturing,Female,Black,42,18-09-2020,47071,0,United States,Columbus,966
E01148,Scarlett Kumar,Systems Analyst,IT,Corporate,Female,Asian,55,07-01-2009,47032,0,United States,Columbus,967
E02857,Valentina Davis,Analyst,Sales,Speciality Products,Female,Caucasian,33,13-04-2014,46878,0,United States,Miami,968
E01466,Connor Vang,Analyst,Sales,Speciality Products,Male,Asian,25,28-07-2021,46845,0,United States,Miami,969
E02252,Lillian Park,Analyst,Marketing,Research & Development,Female,Asian,40,24-02-2021,46833,0,China,Chengdu,970
E00203,Julia Doan,Business Partner,Human Resources,Speciality Products,Female,Asian,53,07-09-2017,46727,0,United States,Columbus,971
E01981,Genesis Banks,Analyst,Finance,Corporate,Female,Caucasian,63,16-03-2012,46081,0,United States,Chicago,972
E00145,Kinsley Dixon,Analyst,Accounting,Manufacturing,Female,Caucasian,28,25-05-2019,45819,0,United States,Miami,973
E02639,Sebastian Le,Analyst,Finance,Corporate,Male,Asian,37,09-11-2015,45369,0,China,Beijing,974
E01264,Hazel Alvarez,Business Partner,Human Resources,Research & Development,Female,Latino,62,19-04-2014,45295,0,Brazil,Sao Paulo,975
E03455,Hadley Ford,Systems Analyst,IT,Research & Development,Female,Caucasian,52,23-02-2005,45286,0,United States,Chicago,976
E02562,Christian Medina,Analyst,Marketing,Corporate,Male,Latino,51,19-06-2007,45206,0,United States,Columbus,977
E03655,Samantha Rogers,Analyst,Marketing,Speciality Products,Female,Caucasian,28,17-01-2020,45061,0,United States,Miami,978
E01877,Abigail Garza,Analyst,Accounting,Manufacturing,Female,Latino,33,27-05-2018,45049,0,United States,Seattle,979
E01432,Peyton Garza,Systems Analyst,IT,Manufacturing,Female,Latino,53,15-08-2004,44735,0,Brazil,Manaus,980
E00568,Ian Vargas,Analyst,Sales,Manufacturing,Male,Latino,26,02-03-2021,44732,0,Brazil,Rio de Janerio,981
E00691,Avery Yee,Systems Analyst,IT,Manufacturing,Female,Asian,34,22-05-2016,44614,0,United States,Miami,982
E02531,Jameson Foster,Analyst,Marketing,Manufacturing,Male,Caucasian,28,18-07-2021,43391,0,United States,Columbus,983
E04601,Allison Ayala,Analyst,Finance,Corporate,Female,Latino,36,30-06-2009,43363,0,United States,Austin,984
E03461,Nathan Lau,Business Partner,Human Resources,Research & Development,Male,Asian,35,22-02-2011,43336,0,United States,Austin,985
E02798,Charles Henderson,Systems Analyst,IT,Speciality Products,Male,Caucasian,48,11-02-2002,43080,0,United States,Austin,986
E00403,Liliana Soto,Business Partner,Human Resources,Manufacturing,Female,Latino,58,12-10-2010,43001,0,United States,Austin,987
E02023,Maverick Mehta,Systems Analyst,IT,Manufacturing,Male,Asian,40,30-07-2007,41859,0,United States,Seattle,988
E01895,Gabriel Zhou,IT Coordinator,IT,Manufacturing,Male,Asian,25,17-01-2021,41844,0,China,Chongqing,989
E01388,Cooper Gupta,Business Partner,Human Resources,Speciality Products,Male,Asian,58,20-06-2014,41728,0,China,Chongqing,990
E01361,Emma Hill,IT Coordinator,IT,Manufacturing,Female,Caucasian,54,27-12-2016,41673,0,United States,Miami,991
E01832,Ezra Singh,Analyst,Finance,Manufacturing,Male,Asian,56,10-05-2006,41561,0,United States,Austin,992
E01895,Peyton Walker,Analyst,Marketing,Research & Development,Female,Caucasian,43,13-07-2019,41545,0,United States,Miami,993
E02183,Sarah Ayala,Analyst,Sales,Corporate,Female,Latino,47,09-06-2015,41429,0,United States,Seattle,994
E04332,Luke Martin,Analyst,Finance,Manufacturing,Male,Black,25,16-05-2020,41336,0,United States,Miami,995
E02732,Alice Tran,Analyst,Marketing,Corporate,Female,Asian,39,29-07-2014,40897,0,United States,Seattle,996
E03719,Jack Brown,Analyst,Marketing,Corporate,Male,Caucasian,55,07-12-2004,40752,0,United States,Phoenix,997
E00862,Levi Moreno,Systems Analyst,IT,Research & Development,Male,Latino,64,27-06-2020,40316,0,Brazil,Manaus,998
E04109,Leah Bryant,IT Coordinator,IT,Manufacturing,Female,Caucasian,55,30-04-2004,40124,0,United States,Austin,999
E03928,Miles Dang,IT Coordinator,IT,Speciality Products,Male,Asian,61,24-09-2000,40063,0,United States,Miami,1000
